"account","amount","date","description","type"
"4352436098283034",-13.63,1447882429969,"Superdrug","CCW"
"57837272",-4.07,1447889468166,"Transfer from Current Account to Savings","SAW"
"7175177661",4.07,1447922927158,"Transfer from Current Account to Savings","SAW"
"7175177661",-0.01,1447989853297,"Shelter","CAW"
"7175177661",-11.39,1447981066610,"Cancer Research","CAW"
"7175177661",-7.57,1448001134135,"Supercuts","CAW"
"7175177661",-3.29,1447969894671,"RSPCA","CAW"
"7175177661",-6.48,1448000090386,"Spotify","CAW"
"7175177661",-6.25,1448021756192,"Matalan","CAW"
"4352436098283034",-3.4,1447955072975,"MegaBus","CCW"
"57837272",-1.35,1448084523959,"Transfer from Current Account to Savings","SAW"
"7175177661",1.35,1448079233894,"Transfer from Current Account to Savings","SAW"
"7175177661",-1.86,1448154101911,"Primark","CAW"
"7175177661",-8.65,1448120355713,"Primark","CAW"
"7175177661",0.96,1448162257360,"Nicole Bailey","CAD"
"7175177661",-16.53,1448179089934,"Arriva Wales","CAW"
"7175177661",-0.01,1448125361644,"MegaBus","CAW"
"7175177661",-14.74,1448272356785,"Matalan","CAW"
"4352436098283034",-5.14,1448260654372,"Arriva Wales","CCW"
"4352436098283034",-22.44,1448290729492,"Primark","CCW"
"7175177661",4.59,1448305912958,"Brenda Ward","CAD"
"57837272",-15.21,1448330635021,"Transfer from Current Account to Savings","SAW"
"7175177661",15.21,1448297669332,"Transfer from Current Account to Savings","SAW"
"7175177661",-11.58,1448379979392,"National Express","CAW"
"7175177661",-29.82,1448443435132,"Groupon","CAW"
"4352436098283034",-31.71,1448433043489,"Odeon Cinemas","CCW"
"7175177661",1600,1448532744988,"Salary BACS Payment","BAC"
"7175177661",-101.81,1448516610711,"Payment received thank you","CCD"
"4352436098283034",101.81,1448490909590,"Payment received thank you","CCD"
"7175177661",-10.68,1448724113579,"Save the Children","CAW"
"7175177661",-0.01,1448710214422,"Cancer Research","CAW"
"7175177661",-3.21,1448697246335,"Lidl","CAW"
"7175177661",-14.48,1448703970309,"Superdrug","CAW"
"57837272",-1.28,1448687259107,"Transfer from Current Account to Savings","SAW"
"7175177661",1.28,1448661673473,"Transfer from Current Account to Savings","SAW"
"7175177661",1.17,1448779554963,"Interest","CAD"
"7175177661",-13.3,1448741814198,"WWF","CAW"
"7175177661",-0.01,1448802035947,"Arriva Wales","CAW"
"7175177661",-14.08,1448768828777,"Primark","CAW"
"7175177661",-0.01,1448776159491,"Matalan","CAW"
"7175177661",-5.37,1448729674132,"Primark","CAW"
"57837272",-12.73,1448737869112,"Transfer from Current Account to Savings","SAW"
"7175177661",12.73,1448807866510,"Transfer from Current Account to Savings","SAW"
"57837272",-19.5,1448793171450,"Transfer from Current Account to Savings","SAW"
"7175177661",19.5,1448798778189,"Transfer from Current Account to Savings","SAW"
"57837272",-0.81,1448747264769,"Transfer from Current Account to Savings","SAW"
"7175177661",0.81,1448749501036,"Transfer from Current Account to Savings","SAW"
"7175177661",-0.01,1448830023480,"Arriva Wales","CAW"
"7175177661",-1.26,1448942747364,"Barclaycard","CAW"
"4352436098283034",-21.27,1448958771549,"Supercuts","CCW"
"4352436098283034",-12.45,1448973130861,"RSPCA","CCW"
"4352436098283034",-2.99,1448968199497,"Sports Direct","CCW"
"4352436098283034",-13.64,1448959385542,"Sports Direct","CCW"
"4352436098283034",-7.88,1449009471346,"RSPCA","CCW"
"4352436098283034",-2.41,1449047883773,"Matalan","CCW"
"4352436098283034",-4.41,1449048813501,"Cancer Research","CCW"
"4352436098283034",-0.01,1449024968778,"MegaBus","CCW"
"4352436098283034",-19.07,1449002616159,"Bodyshop","CCW"
"7175177661",-340.62,1449050437627,"Payment received thank you","CCD"
"4352436098283034",340.62,1448990418207,"Payment received thank you","CCD"
"7175177661",-16.37,1449134814675,"British Gas","D/D"
"7175177661",-0.01,1449102141313,"National Express","CAW"
"7175177661",-9.96,1449117232612,"RSPCA","CAW"
"7175177661",17.75,1449108006710,"Denise Patterson","CAD"
"7175177661",-21.8,1449076969865,"Sports Direct","CAW"
"7175177661",-0.01,1449090776739,"RSPCA","CAW"
"7175177661",8.98,1449151935727,"Interest","CAD"
"7175177661",-1.34,1449073960080,"Shelter","CAW"
"4352436098283034",-10.5,1449097479082,"Shelter","CCW"
"4352436098283034",-0.01,1449086821646,"Odeon Cinemas","CCW"
"57837272",-5.76,1449096168390,"Transfer from Current Account to Savings","SAW"
"7175177661",5.76,1449156573067,"Transfer from Current Account to Savings","SAW"
"57837272",-10.85,1449083210074,"Transfer from Current Account to Savings","SAW"
"7175177661",10.85,1449149115653,"Transfer from Current Account to Savings","SAW"
"7175177661",-1.32,1449236128113,"WWF","CAW"
"7175177661",-12.63,1449196493475,"Arriva Wales","CAW"
"4352436098283034",-2.26,1449181828071,"Cancer Research","CCW"
"57837272",-3.37,1449198712842,"Transfer from Current Account to Savings","SAW"
"7175177661",3.37,1449167165480,"Transfer from Current Account to Savings","SAW"
"7175177661",-1.27,1449327438859,"Wonga","CAW"
"7175177661",-20.82,1449325320523,"Bodyshop","CAW"
"7175177661",5.03,1449254688903,"Nicole Bailey","CAD"
"7175177661",-11.43,1449297948396,"Matalan","CAW"
"4352436098283034",-0.01,1449327584227,"Bodyshop","CCW"
"7175177661",-5.78,1449349543212,"WWF","CAW"
"4352436098283034",-6.86,1449341384180,"Hitachi Personal Finance","CCW"
"4352436098283034",-5.94,1449393026162,"Arriva Wales","CCW"
"7175177661",-33.84,1449369614804,"Payment received thank you","CCD"
"4352436098283034",33.84,1449374940179,"Payment received thank you","CCD"
"4352436098283034",-34.6,1449408293122,"Bodyshop","CCW"
"4352436098283034",-12.42,1449352957746,"Barclaycard","CCW"
"57837272",-12.68,1449388029578,"Transfer from Current Account to Savings","SAW"
"7175177661",12.68,1449391672714,"Transfer from Current Account to Savings","SAW"
"7175177661",-3.71,1449451001455,"Wonga","CAW"
"7175177661",-17.25,1449426844164,"Payment received thank you","CCD"
"4352436098283034",17.25,1449477743289,"Payment received thank you","CCD"
"4352436098283034",-10.3,1449456994596,"Spotify","CCW"
"7175177661",-27.16,1449537276875,"Groupon","CAW"
"7175177661",-12.44,1449510538326,"Save the Children","CAW"
"7175177661",-9.16,1449536993170,"Bodyshop","CAW"
"7175177661",-9.05,1449574862151,"WWF","CAW"
"7175177661",0.09,1449572947444,"Nicole Bailey","CAD"
"7175177661",-4,1449543627514,"Shelter","CAW"
"7175177661",-6.52,1449531071351,"Primark","CAW"
"7175177661",3.22,1449582575958,"Lori Alexander","CAD"
"7175177661",-16.83,1449542873948,"Odeon Cinemas","CAW"
"7175177661",-5.04,1449581452897,"Oxfam","CAW"
"7175177661",-8.55,1449513909928,"WWF","CAW"
"7175177661",-0.01,1449633544242,"Barclaycard","CAW"
"4352436098283034",-4.13,1449590278918,"American Express","CCW"
"7175177661",-17.08,1449760012375,"Lidl","CAW"
"7175177661",-66.53,1449728813282,"Payment received thank you","CCD"
"4352436098283034",66.53,1449711215134,"Payment received thank you","CCD"
"4352436098283034",-1.71,1449737885970,"National Express","CCW"
"7175177661",-11.45,1449807559254,"McColls","CAW"
"7175177661",-40.73,1449809894601,"Payment received thank you","CCD"
"4352436098283034",40.73,1449819368146,"Payment received thank you","CCD"
"4352436098283034",-7.75,1449843345666,"Shelter","CCW"
"4352436098283034",-24.54,1449770365532,"Odeon Cinemas","CCW"
"7175177661",-12.24,1449902744144,"Lush","CAW"
"7175177661",-5.52,1449928949425,"Matalan","CAW"
"7175177661",-11.16,1449865803732,"Payment received thank you","CCD"
"4352436098283034",11.16,1449896208705,"Payment received thank you","CCD"
"7175177661",-175.97,1449867685370,"Payment received thank you","CCD"
"4352436098283034",175.97,1449886804649,"Payment received thank you","CCD"
"4352436098283034",-7.24,1450006789442,"Hitachi Personal Finance","CCW"
"7175177661",-59.19,1450020411656,"Payment received thank you","CCD"
"4352436098283034",59.19,1449951825222,"Payment received thank you","CCD"
"7175177661",-85.06,1449986966289,"Payment received thank you","CCD"
"4352436098283034",85.06,1449977639428,"Payment received thank you","CCD"
"4352436098283034",-7.51,1449985495711,"Shelter","CCW"
"57837272",-15.45,1450000460336,"Transfer from Current Account to Savings","SAW"
"7175177661",15.45,1449982590504,"Transfer from Current Account to Savings","SAW"
"7175177661",-33.75,1450030920201,"Lidl","CAW"
"7175177661",-3.34,1450056765232,"National Express","CAW"
"7175177661",-7.71,1450039710931,"Subway","CAW"
"7175177661",-16.11,1450062775544,"Primark","CAW"
"7175177661",-1.1,1450061056099,"Groupon","CAW"
"4352436098283034",-15.47,1450086352961,"McColls","CCW"
"4352436098283034",-11.7,1450029140046,"RSPCA","CCW"
"7175177661",2.06,1450128700103,"Alan Scott","CAD"
"7175177661",-18.29,1450247095212,"Sky Digital","D/D"
"7175177661",-480,1450197497630,"Rent","D/D"
"4352436098283034",-1.25,1450252758483,"Barclaycard","CCW"
"4352436098283034",-7.76,1450347530042,"McColls","CCW"
"4352436098283034",-5.96,1450365388140,"Shelter","CCW"
"57837272",-8.97,1450337096753,"Transfer from Current Account to Savings","SAW"
"7175177661",8.97,1450345471128,"Transfer from Current Account to Savings","SAW"
"4352436098283034",-4.94,1450418768402,"Save the Children","CCW"
"57837272",-2.13,1450396178644,"Transfer from Current Account to Savings","SAW"
"7175177661",2.13,1450396036654,"Transfer from Current Account to Savings","SAW"
"57837272",0,1450467164573,"Transfer from Savings to Current Account","SAD"
"7175177661",0,1450501128432,"Transfer from Savings to Current Account","SAD"
"4352436098283034",-7.52,1450693371363,"MegaBus","CCW"
"4352436098283034",-7.83,1450672119421,"American Express","CCW"
"4352436098283034",-0.01,1450771712326,"Superdrug","CCW"
"4352436098283034",-16.12,1450743822907,"Spotify","CCW"
"7175177661",1.12,1450922043720,"Denise Patterson","CAD"
"57837272",-3.33,1451043244704,"Transfer from Current Account to Savings","SAW"
"7175177661",3.33,1451031473784,"Transfer from Current Account to Savings","SAW"
"7175177661",1600,1451104384089,"Salary BACS Payment","BAC"
"7175177661",4.6,1451076401866,"Denise Patterson","CAD"
"7175177661",-9.8,1451094897286,"Matalan","CAW"
"7175177661",-20.6,1451126134930,"Superdrug","CAW"
"4352436098283034",-11.06,1451099075997,"Lidl","CCW"
"7175177661",-224.35,1451136728752,"Payment received thank you","CCD"
"4352436098283034",224.35,1451064028227,"Payment received thank you","CCD"
"7175177661",-16.92,1451186578406,"Primark","CAW"
"7175177661",-2.65,1451202168923,"MegaBus","CAW"
"4352436098283034",-4.55,1451168629890,"Barclaycard","CCW"
"7175177661",-116.55,1451168329239,"Payment received thank you","CCD"
"4352436098283034",116.55,1451202282250,"Payment received thank you","CCD"
"57837272",-0.62,1451210531585,"Transfer from Current Account to Savings","SAW"
"7175177661",0.62,1451153119652,"Transfer from Current Account to Savings","SAW"
"7175177661",-0.01,1451289409275,"Oxfam","CAW"
"4352436098283034",-9.36,1451244021635,"American Express","CCW"
"4352436098283034",-2.41,1451394059534,"Primark","CCW"
"7175177661",-4.61,1451456993436,"Matalan","CAW"
"7175177661",-7.88,1451410414271,"Arriva Wales","CAW"
"4352436098283034",-1.77,1451468361978,"Cancer Research","CCW"
"4352436098283034",-3.91,1451469804601,"MegaBus","CCW"
"4352436098283034",-9.51,1451416175223,"Sports Direct","CCW"
"57837272",-9.67,1451435456365,"Transfer from Current Account to Savings","SAW"
"7175177661",9.67,1451474628410,"Transfer from Current Account to Savings","SAW"
"4352436098283034",-0.01,1451538193838,"Arriva Wales","CCW"
"7175177661",-0.01,1451628387091,"Save the Children","CAW"
"4352436098283034",-6.05,1451605588338,"Barclaycard","CCW"
"4352436098283034",-4.3,1451621703020,"Shelter","CCW"
"7175177661",-11.81,1451584011533,"Payment received thank you","CCD"
"4352436098283034",11.81,1451620756774,"Payment received thank you","CCD"
"4352436098283034",-12.58,1451618567501,"American Express","CCW"
"7175177661",-7.25,1451676291291,"McColls","CAW"
"7175177661",-16.37,1451787855962,"British Gas","D/D"
"7175177661",-7.2,1451813180654,"Barclaycard","CAW"
"7175177661",-0.01,1451752635799,"American Express","CAW"
"7175177661",-3.52,1451759232903,"Hitachi Personal Finance","CAW"
"7175177661",-143.95,1451814615375,"Payment received thank you","CCD"
"4352436098283034",143.95,1451792050420,"Payment received thank you","CCD"
"4352436098283034",-5.7,1451752051999,"Oxfam","CCW"
"4352436098283034",-7.82,1451920534234,"MegaBus","CCW"
"7175177661",-48.23,1451985235496,"Payment received thank you","CCD"
"4352436098283034",48.23,1451974158428,"Payment received thank you","CCD"
"4352436098283034",-8.76,1451933776830,"RSPCA","CCW"
"7175177661",-8.99,1451990601943,"Payment received thank you","CCD"
"4352436098283034",8.99,1451992415784,"Payment received thank you","CCD"
"4352436098283034",-11.57,1452001959344,"WWF","CCW"
"57837272",-9.85,1451922032290,"Transfer from Current Account to Savings","SAW"
"7175177661",9.85,1451935479688,"Transfer from Current Account to Savings","SAW"
"7175177661",-28.39,1452164234987,"Matalan","CAW"
"7175177661",-5.84,1452140296248,"Payment received thank you","CCD"
"4352436098283034",5.84,1452128360461,"Payment received thank you","CCD"
"4352436098283034",-8.24,1452203066866,"Spotify","CCW"
"7175177661",-2.61,1452281776182,"Arriva Wales","CAW"
"7175177661",-7.88,1452328119261,"Save the Children","CAW"
"7175177661",-8.39,1452325504260,"RSPCA","CAW"
"7175177661",-16.06,1452309341504,"Lush","CAW"
"57837272",-9.97,1452351074744,"Transfer from Current Account to Savings","SAW"
"7175177661",9.97,1452320263252,"Transfer from Current Account to Savings","SAW"
"7175177661",-14.09,1452401413358,"Oxfam","CAW"
"7175177661",-9.18,1452417629808,"Bodyshop","CAW"
"7175177661",-0.01,1452382790944,"Oxfam","CAW"
"7175177661",-4.54,1452377429919,"Shelter","CAW"
"7175177661",-8.3,1452407981056,"American Express","CAW"
"4352436098283034",-17.75,1452418218375,"Lidl","CCW"
"4352436098283034",-9.18,1452430837246,"Save the Children","CCW"
"7175177661",-17.74,1452501734275,"Groupon","CAW"
"7175177661",-8.73,1452476386436,"National Express","CAW"
"7175177661",-3.26,1452444795092,"Supercuts","CAW"
"7175177661",-13.41,1452573569005,"Groupon","CAW"
"7175177661",-6.8,1452583284622,"Lush","CAW"
"7175177661",-6.45,1452551257978,"Subway","CAW"
"4352436098283034",-4.59,1452593932327,"Hitachi Personal Finance","CCW"
"7175177661",-6.47,1452652795392,"Save the Children","CAW"
"4352436098283034",-7.59,1452655117651,"Arriva Wales","CCW"
"7175177661",-7.81,1452764657024,"Oxfam","CAW"
"7175177661",-26.33,1452769082610,"Spotify","CAW"
"7175177661",-13.71,1452758832967,"Save the Children","CAW"
"7175177661",-1.06,1452732429276,"Barclaycard","CAW"
"4352436098283034",-9.49,1452777988370,"RSPCA","CCW"
"4352436098283034",-6.61,1452820290025,"McColls","CCW"
"57837272",-9.02,1452848083392,"Transfer from Current Account to Savings","SAW"
"7175177661",9.02,1452812234690,"Transfer from Current Account to Savings","SAW"
"7175177661",-18.29,1452926509916,"Sky Digital","D/D"
"7175177661",-480,1452930521684,"Rent","D/D"
"4352436098283034",-5.58,1453041282522,"Arriva Wales","CCW"
"7175177661",4.68,1453109844040,"Nicole Bailey","CAD"
"4352436098283034",-1.81,1453123496511,"American Express","CCW"
"4352436098283034",-23.35,1453100808555,"Supercuts","CCW"
"7175177661",2.96,1453147607734,"Nicole Bailey","CAD"
"4352436098283034",-10.22,1453295232954,"Wonga","CCW"
"57837272",-11.44,1453348639245,"Transfer from Current Account to Savings","SAW"
"7175177661",11.44,1453319991202,"Transfer from Current Account to Savings","SAW"
"7175177661",2.7,1453404914810,"Alan Scott","CAD"
"4352436098283034",-0.01,1453564625928,"Superdrug","CCW"
"4352436098283034",-6.53,1453643205674,"WWF","CCW"
"4352436098283034",-15.25,1453644252418,"MegaBus","CCW"
"7175177661",1600,1453774006902,"Salary BACS Payment","BAC"
"4352436098283034",-22.84,1453752637138,"Subway","CCW"
"4352436098283034",-28.83,1453765998992,"Matalan","CCW"
"57837272",-11.16,1453803919168,"Transfer from Current Account to Savings","SAW"
"7175177661",11.16,1453817517667,"Transfer from Current Account to Savings","SAW"
"7175177661",-13.79,1453873519871,"Arriva Wales","CAW"
"7175177661",-16.6,1453843948878,"Primark","CAW"
"4352436098283034",-2.83,1453893885449,"National Express","CCW"
"4352436098283034",-3.02,1453873933458,"Arriva Wales","CCW"
"7175177661",-13.55,1453975925198,"Primark","CAW"
"4352436098283034",-3.79,1453937620477,"MegaBus","CCW"
"4352436098283034",-23.08,1453926163650,"Odeon Cinemas","CCW"
"7175177661",-149.59,1453996758401,"Payment received thank you","CCD"
"4352436098283034",149.59,1454049015761,"Payment received thank you","CCD"
"4352436098283034",-33.07,1454062114973,"Superdrug","CCW"
"7175177661",-8.51,1454005014297,"Payment received thank you","CCD"
"4352436098283034",8.51,1454013714580,"Payment received thank you","CCD"
"4352436098283034",-14.15,1454075887382,"Primark","CCW"
"7175177661",-17.61,1454037855887,"Payment received thank you","CCD"
"4352436098283034",17.61,1454041762327,"Payment received thank you","CCD"
"7175177661",-66.46,1454004967249,"Payment received thank you","CCD"
"4352436098283034",66.46,1454024409095,"Payment received thank you","CCD"
"7175177661",-0.5,1454115098768,"WWF","CAW"
"7175177661",-20.51,1454219494060,"Primark","CAW"
"7175177661",0.74,1454196654827,"Interest","CAD"
"4352436098283034",-19.68,1454254191532,"McColls","CCW"
"4352436098283034",-1.65,1454204156963,"WWF","CCW"
"7175177661",-3.66,1454336453463,"Lidl","CAW"
"7175177661",-6.48,1454281141918,"Lush","CAW"
"7175177661",-9.15,1454302792573,"McColls","CAW"
"7175177661",-12.69,1454312327041,"Lush","CAW"
"7175177661",-43.91,1454295266907,"Payment received thank you","CCD"
"4352436098283034",43.91,1454312758403,"Payment received thank you","CCD"
"4352436098283034",-10.79,1454290495435,"Barclaycard","CCW"
"57837272",-3.85,1454262165733,"Transfer from Current Account to Savings","SAW"
"7175177661",3.85,1454304618295,"Transfer from Current Account to Savings","SAW"
"7175177661",-26.13,1454403013516,"McColls","CAW"
"4352436098283034",-9.97,1454420435652,"Arriva Wales","CCW"
"4352436098283034",-4.7,1454342244225,"Bodyshop","CCW"
"4352436098283034",-23.46,1454390970223,"Lush","CCW"
"7175177661",-16.37,1454461269517,"British Gas","D/D"
"7175177661",-5.31,1454433256270,"American Express","CAW"
"57837272",-8.17,1454508505131,"Transfer from Current Account to Savings","SAW"
"7175177661",8.17,1454442232560,"Transfer from Current Account to Savings","SAW"
"7175177661",-11.36,1454531160364,"Arriva Wales","CAW"
"7175177661",-199.4,1454517833725,"Payment received thank you","CCD"
"4352436098283034",199.4,1454594894910,"Payment received thank you","CCD"
"4352436098283034",-3.95,1454633637637,"Oxfam","CCW"
"4352436098283034",-23.97,1454662786148,"Sports Direct","CCW"
"7175177661",-12.1,1454694417012,"Cancer Research","CAW"
"7175177661",-37.5,1454753682911,"Payment received thank you","CCD"
"4352436098283034",37.5,1454710211380,"Payment received thank you","CCD"
"7175177661",-75.26,1454749768415,"Payment received thank you","CCD"
"4352436098283034",75.26,1454755255177,"Payment received thank you","CCD"
"7175177661",-90.09,1454724099599,"Payment received thank you","CCD"
"4352436098283034",90.09,1454760542298,"Payment received thank you","CCD"
"4352436098283034",-10.31,1454741760616,"Lidl","CCW"
"7175177661",-19.46,1454776805339,"Matalan","CAW"
"7175177661",-6.85,1454800848225,"Matalan","CAW"
"7175177661",-17.04,1454797930261,"Sports Direct","CAW"
"4352436098283034",-5.8,1454829920824,"RSPCA","CCW"
"57837272",-0.65,1454790441338,"Transfer from Current Account to Savings","SAW"
"7175177661",0.65,1454807318884,"Transfer from Current Account to Savings","SAW"
"7175177661",-0.01,1454911674834,"Oxfam","CAW"
"7175177661",-7.63,1454934121146,"Save the Children","CAW"
"4352436098283034",-17.13,1454927265456,"Sports Direct","CCW"
"4352436098283034",-7.48,1454901565818,"Wonga","CCW"
"4352436098283034",-0.2,1454928434111,"Cancer Research","CCW"
"7175177661",-16.74,1454945967215,"Primark","CAW"
"7175177661",-9.78,1454995370952,"Save the Children","CAW"
"4352436098283034",-3.84,1454964708569,"Arriva Wales","CCW"
"4352436098283034",-8.51,1455083060150,"WWF","CCW"
"4352436098283034",-11.47,1455053375687,"Cancer Research","CCW"
"7175177661",-0.01,1455159122685,"Arriva Wales","CAW"
"4352436098283034",-8.29,1455141711962,"Oxfam","CCW"
"57837272",-5.09,1455160383856,"Transfer from Current Account to Savings","SAW"
"7175177661",5.09,1455196683271,"Transfer from Current Account to Savings","SAW"
"7175177661",1.73,1455274339266,"Interest","CAD"
"7175177661",-146.63,1455269057639,"Payment received thank you","CCD"
"4352436098283034",146.63,1455264885485,"Payment received thank you","CCD"
"4352436098283034",-0.01,1455228702803,"Barclaycard","CCW"
"7175177661",8.49,1455316985020,"Denise Patterson","CAD"
"4352436098283034",-9.58,1455326293938,"Save the Children","CCW"
"4352436098283034",-15.39,1455333655529,"Groupon","CCW"
"4352436098283034",-19.52,1455325048801,"Matalan","CCW"
"7175177661",-5.85,1455387951818,"Supercuts","CAW"
"7175177661",-8.31,1455454900427,"National Express","CAW"
"7175177661",-8.96,1455448937603,"Bodyshop","CAW"
"7175177661",-4.73,1455378918185,"Save the Children","CAW"
"4352436098283034",-2.74,1455401749933,"RSPCA","CCW"
"7175177661",11.01,1455515241067,"Brenda Ward","CAD"
"4352436098283034",-3.98,1455499990558,"National Express","CCW"
"57837272",-0.17,1455544094318,"Transfer from Current Account to Savings","SAW"
"7175177661",0.17,1455473037956,"Transfer from Current Account to Savings","SAW"
"7175177661",-18.29,1455568154221,"Sky Digital","D/D"
"7175177661",-480,1455595370656,"Rent","D/D"
"4352436098283034",-21.65,1455576403304,"Lidl","CCW"
"4352436098283034",-5.39,1455664380056,"Oxfam","CCW"
"7175177661",14.1,1455775982967,"Lori Alexander","CAD"
"4352436098283034",-3.84,1455777982185,"Shelter","CCW"
"4352436098283034",-3.43,1455845648027,"MegaBus","CCW"
"4352436098283034",-14.32,1455871398302,"Matalan","CCW"
"4352436098283034",-4.39,1455906474355,"Shelter","CCW"
"4352436098283034",-1.94,1455960833820,"Save the Children","CCW"
"57837272",0,1455980938917,"Transfer from Savings to Current Account","SAD"
"7175177661",0,1455902304486,"Transfer from Savings to Current Account","SAD"
"7175177661",3.5,1455992476998,"Brenda Ward","CAD"
"4352436098283034",-13.01,1456116941095,"Wonga","CCW"
"7175177661",3.74,1456165890289,"Lori Alexander","CAD"
"4352436098283034",-0.79,1456229932139,"Lush","CCW"
"4352436098283034",-24.7,1456178760839,"Odeon Cinemas","CCW"
"4352436098283034",-11.9,1456241007197,"WWF","CCW"
"4352436098283034",-0.01,1456317674761,"Cancer Research","CCW"
"4352436098283034",-1.77,1456272600245,"Superdrug","CCW"
"57837272",0,1456260195304,"Transfer from Savings to Current Account","SAD"
"7175177661",0,1456310833963,"Transfer from Savings to Current Account","SAD"
"4352436098283034",-0.01,1456388571784,"Primark","CCW"
"7175177661",1600,1456487311236,"Salary BACS Payment","BAC"
"7175177661",2.97,1456478958449,"Alan Scott","CAD"
"7175177661",-9.82,1456434836652,"Odeon Cinemas","CAW"
"7175177661",-6.12,1456431232889,"National Express","CAW"
"7175177661",-5.08,1456442699641,"Shelter","CAW"
"4352436098283034",-12.38,1456435462368,"Odeon Cinemas","CCW"
"4352436098283034",-19.09,1456459856945,"Primark","CCW"
"4352436098283034",-0.01,1456458363813,"Lush","CCW"
"4352436098283034",-4.52,1456499438379,"National Express","CCW"
"4352436098283034",-8.72,1456486293643,"Hitachi Personal Finance","CCW"
"57837272",22.08,1456456335413,"Transfer from Savings to Current Account","SAD"
"7175177661",-22.08,1456416694851,"Transfer from Savings to Current Account","SAD"
"4352436098283034",-5.56,1456545713194,"Odeon Cinemas","CCW"
"7175177661",-2.34,1456638297163,"Hitachi Personal Finance","CAW"
"7175177661",-7.67,1456635448301,"Wonga","CAW"
"7175177661",-18.77,1456599726589,"Spotify","CAW"
"7175177661",-0.01,1456696107032,"Oxfam","CAW"
"7175177661",-15.21,1456701688432,"Subway","CAW"
"7175177661",-4.49,1456688206800,"RSPCA","CAW"
"7175177661",1.67,1456829674919,"Denise Patterson","CAD"
"7175177661",-37.54,1456901786660,"Lidl","CAW"
"7175177661",-3.79,1456921782188,"Save the Children","CAW"
"4352436098283034",-11.4,1456911816919,"Groupon","CCW"
"7175177661",-16.37,1456968198712,"British Gas","D/D"
"7175177661",-37.2,1457008111828,"Groupon","CAW"
"7175177661",-15.19,1457097025547,"Matalan","CAW"
"7175177661",-5.5,1457050801212,"Hitachi Personal Finance","CAW"
"7175177661",-12.42,1457093275230,"Lush","CAW"
"7175177661",-16.5,1457074189254,"Lidl","CAW"
"7175177661",-0.92,1457096010229,"National Express","CAW"
"7175177661",-36.09,1457074595589,"Matalan","CAW"
"7175177661",-0.01,1457183591654,"Save the Children","CAW"
"7175177661",-2.94,1457187905800,"Arriva Wales","CAW"
"7175177661",-1.51,1457116193134,"MegaBus","CAW"
"7175177661",0.33,1457184212424,"Interest","CAD"
"7175177661",-22.82,1457198755747,"Spotify","CAW"
"7175177661",-7.38,1457235319927,"Barclaycard","CAW"
"7175177661",-9.07,1457209244049,"Shelter","CAW"
"7175177661",-14.45,1457256315746,"Lidl","CAW"
"7175177661",-29.03,1457202972017,"Matalan","CAW"
"7175177661",-3.85,1457249036507,"Groupon","CAW"
"57837272",-5.8,1457243524251,"Transfer from Current Account to Savings","SAW"
"7175177661",5.8,1457201838519,"Transfer from Current Account to Savings","SAW"
"7175177661",-26.56,1457294621287,"Supercuts","CAW"
"7175177661",-13.21,1457305457196,"National Express","CAW"
"7175177661",-21.43,1457309355969,"McColls","CAW"
"4352436098283034",-4.05,1457338157109,"Save the Children","CCW"
"7175177661",-33.25,1457313888462,"Payment received thank you","CCD"
"4352436098283034",33.25,1457306110777,"Payment received thank you","CCD"
"4352436098283034",-0.01,1457351683617,"Primark","CCW"
"7175177661",10.13,1457373751981,"Brenda Ward","CAD"
"7175177661",-14.46,1457387677979,"Spotify","CAW"
"7175177661",-2.22,1457415244366,"Primark","CAW"
"7175177661",-15.84,1457390835694,"Odeon Cinemas","CAW"
"7175177661",-18.98,1457409911392,"Primark","CAW"
"7175177661",-1,1457394264873,"Save the Children","CAW"
"7175177661",-9.38,1457374088665,"Arriva Wales","CAW"
"7175177661",2.56,1457394668100,"Alan Scott","CAD"
"7175177661",-14.7,1457451118568,"Lidl","CAW"
"7175177661",-19.43,1457374098429,"Subway","CAW"
"7175177661",-10.06,1457375856057,"Shelter","CAW"
"4352436098283034",-24.48,1457391107693,"Superdrug","CCW"
"57837272",-19.46,1457378591216,"Transfer from Current Account to Savings","SAW"
"7175177661",19.46,1457421576171,"Transfer from Current Account to Savings","SAW"
"7175177661",2.96,1457523419159,"Interest","CAD"
"7175177661",-3.97,1457501112984,"Wonga","CAW"
"7175177661",-14,1457519631352,"American Express","CAW"
"4352436098283034",-0.01,1457550445427,"MegaBus","CCW"
"4352436098283034",-10.46,1457572436846,"Bodyshop","CCW"
"7175177661",-5.14,1457655930887,"Wonga","CAW"
"7175177661",-7.18,1457693268165,"Cancer Research","CAW"
"7175177661",-8.61,1457682889928,"Barclaycard","CAW"
"7175177661",7.04,1457701435260,"Nicole Bailey","CAD"
"7175177661",-6.62,1457659187304,"Odeon Cinemas","CAW"
"7175177661",-14.84,1457701003533,"Barclaycard","CAW"
"7175177661",-0.83,1457723343399,"WWF","CAW"
"7175177661",-12.13,1457752153211,"American Express","CAW"
"7175177661",-1.25,1457737470282,"Save the Children","CAW"
"7175177661",-0.01,1457780143862,"WWF","CAW"
"7175177661",-2.66,1457728143262,"RSPCA","CAW"
"7175177661",-2.99,1457748330829,"Matalan","CAW"
"7175177661",-1.33,1457861270656,"Arriva Wales","CAW"
"7175177661",-5.62,1457850241263,"Arriva Wales","CAW"
"7175177661",-11.99,1457813786629,"Odeon Cinemas","CAW"
"7175177661",-30.76,1457803337613,"Lush","CAW"
"7175177661",-1.93,1457877598807,"Cancer Research","CAW"
"7175177661",-0.6,1457961742538,"RSPCA","CAW"
"7175177661",-14.94,1457959179744,"Save the Children","CAW"
"7175177661",-4.08,1457904134405,"Barclaycard","CAW"
"7175177661",-1.49,1457940846183,"RSPCA","CAW"
"7175177661",-4.8,1457897582922,"Oxfam","CAW"
"7175177661",0.16,1457905173524,"Interest","CAD"
"7175177661",-8.07,1457933943135,"RSPCA","CAW"
"7175177661",-22.62,1457961914984,"Primark","CAW"
"7175177661",4.11,1457883372113,"Denise Patterson","CAD"
"7175177661",-3.72,1457960581260,"Spotify","CAW"
"7175177661",-3.24,1457960931637,"Arriva Wales","CAW"
"7175177661",-24.57,1457987616509,"Groupon","CAW"
"4352436098283034",-25.16,1458048509128,"Bodyshop","CCW"
"7175177661",-18.29,1458076084471,"Sky Digital","D/D"
"7175177661",-480,1458091384812,"Rent","D/D"
"4352436098283034",-7.52,1458146616703,"Cancer Research","CCW"
"7175177661",6.2,1458243291420,"Nicole Bailey","CAD"
"7175177661",0.93,1458295713229,"Alan Scott","CAD"
"57837272",-1.19,1458357595500,"Transfer from Current Account to Savings","SAW"
"7175177661",1.19,1458381184498,"Transfer from Current Account to Savings","SAW"
"57837272",0,1458882098741,"Transfer from Savings to Current Account","SAD"
"7175177661",0,1458903447353,"Transfer from Savings to Current Account","SAD"
"7175177661",1600,1458974544753,"Salary BACS Payment","BAC"
"7175177661",-6.11,1458966457531,"Hitachi Personal Finance","CAW"
"7175177661",-6.14,1459001384827,"Cancer Research","CAW"
"7175177661",-31.91,1458939789734,"Spotify","CAW"
"7175177661",-4.07,1458956201527,"National Express","CAW"
"7175177661",-0.59,1459092002066,"Supercuts","CAW"
"7175177661",-23.78,1459103833826,"Spotify","CAW"
"7175177661",-12.43,1459144361535,"Supercuts","CAW"
"7175177661",-23.38,1459170368171,"Spotify","CAW"
"7175177661",-15.01,1459150761079,"Bodyshop","CAW"
"7175177661",-1.46,1459112863843,"Cancer Research","CAW"
"7175177661",-0.01,1459094537922,"Oxfam","CAW"
"7175177661",-12.1,1459102454382,"National Express","CAW"
"7175177661",-99.87,1459122704784,"Payment received thank you","CCD"
"4352436098283034",99.87,1459118894381,"Payment received thank you","CCD"
"7175177661",-18.73,1459146611104,"Payment received thank you","CCD"
"4352436098283034",18.73,1459171734249,"Payment received thank you","CCD"
"7175177661",-8.09,1459240554051,"Shelter","CAW"
"4352436098283034",-24.47,1459270397868,"Bodyshop","CCW"
"4352436098283034",-13.5,1459337619912,"American Express","CCW"
"7175177661",-0.01,1459426808721,"Hitachi Personal Finance","CAW"
"7175177661",-18.41,1459383878628,"Spotify","CAW"
"57837272",-7.1,1459394936042,"Transfer from Current Account to Savings","SAW"
"7175177661",7.1,1459368444149,"Transfer from Current Account to Savings","SAW"
"7175177661",-4.24,1459499719169,"Arriva Wales","CAW"
"7175177661",2.73,1459445036699,"Brenda Ward","CAD"
"4352436098283034",-8.29,1459488848050,"RSPCA","CCW"
"7175177661",-12.72,1459592087571,"Barclaycard","CAW"
"7175177661",-0.01,1459600953925,"WWF","CAW"
"57837272",-12.44,1459532385229,"Transfer from Current Account to Savings","SAW"
"7175177661",12.44,1459557423855,"Transfer from Current Account to Savings","SAW"
"7175177661",-16.37,1459681254070,"British Gas","D/D"
"7175177661",-19.69,1459615011037,"Payment received thank you","CCD"
"4352436098283034",19.69,1459644974407,"Payment received thank you","CCD"
"7175177661",-61.76,1459690126114,"Payment received thank you","CCD"
"4352436098283034",61.76,1459655745660,"Payment received thank you","CCD"
"57837272",-4.250000000000027,1459642194527,"Transfer from Current Account to Savings","SAW"
"7175177661",4.250000000000027,1459641959015,"Transfer from Current Account to Savings","SAW"
"4352436098283034",-6.97,1459738078300,"Save the Children","CCW"
"4352436098283034",-18.01,1459766122175,"Groupon","CCW"
"7175177661",-11.18,1459835471914,"Groupon","CAW"
"7175177661",-0.6,1459847339601,"Arriva Wales","CAW"
"7175177661",-3.14,1459788476754,"WWF","CAW"
"7175177661",-0.01,1459837685781,"Save the Children","CAW"
"7175177661",-25.91,1459858453888,"Subway","CAW"
"4352436098283034",-0.01,1459863390203,"WWF","CCW"
"57837272",0,1459823247105,"Transfer from Current Account to Savings","SAW"
"7175177661",0,1459791353668,"Transfer from Current Account to Savings","SAW"
"7175177661",-0.01,1459882771510,"Primark","CAW"
"7175177661",-7.29,1459932016743,"MegaBus","CAW"
"7175177661",-47.75,1459882685547,"Payment received thank you","CCD"
"4352436098283034",47.75,1459891280176,"Payment received thank you","CCD"
"7175177661",6.98,1460020062435,"Lori Alexander","CAD"
"4352436098283034",-26.5,1459985251010,"Lush","CCW"
"7175177661",-18.61,1460051432150,"Subway","CAW"
"7175177661",-2.6,1460120431684,"Save the Children","CAW"
"7175177661",-0.01,1460106345881,"Sports Direct","CAW"
"7175177661",-5.77,1460122684972,"Arriva Wales","CAW"
"7175177661",-5.32,1460094245154,"Shelter","CAW"
"4352436098283034",-1.98,1460047702239,"Supercuts","CCW"
"4352436098283034",-9.48,1460082781432,"Bodyshop","CCW"
"4352436098283034",-1.76,1460126374805,"American Express","CCW"
"7175177661",-0.01,1460146725331,"Spotify","CAW"
"7175177661",-6.8,1460159760065,"National Express","CAW"
"7175177661",-2.05,1460140443401,"Barclaycard","CAW"
"7175177661",-4.86,1460168005379,"Cancer Research","CAW"
"7175177661",-2.62,1460160417124,"MegaBus","CAW"
"7175177661",-6.16,1460221374359,"American Express","CAW"
"7175177661",-25.38,1460246640311,"Bodyshop","CAW"
"7175177661",-1.41,1460294817314,"American Express","CAW"
"7175177661",-13.13,1460262286616,"WWF","CAW"
"7175177661",-22.01,1460217142158,"Superdrug","CAW"
"7175177661",-7.79,1460251424593,"Shelter","CAW"
"7175177661",-11.59,1460270604702,"Oxfam","CAW"
"4352436098283034",-0.01,1460225393344,"Cancer Research","CCW"
"4352436098283034",-3.9,1460289757454,"Arriva Wales","CCW"
"4352436098283034",-4.81,1460250525089,"Save the Children","CCW"
"4352436098283034",-15.28,1460254872077,"Hitachi Personal Finance","CCW"
"4352436098283034",-9.71,1460288599682,"Bodyshop","CCW"
"7175177661",-12.34,1460386673245,"Barclaycard","CAW"
"7175177661",-13.71,1460359853331,"Arriva Wales","CAW"
"7175177661",-2.66,1460321881853,"American Express","CAW"
"4352436098283034",-0.01,1460305125617,"National Express","CCW"
"4352436098283034",-3.92,1460307251049,"MegaBus","CCW"
"7175177661",-14.27,1460463823751,"Spotify","CAW"
"7175177661",-8.57,1460427637665,"Lush","CAW"
"7175177661",-3.35,1460438427296,"Payment received thank you","CCD"
"4352436098283034",3.35,1460390051299,"Payment received thank you","CCD"
"7175177661",2.29,1460514700719,"Brenda Ward","CAD"
"7175177661",0.45,1460536644969,"Nicole Bailey","CAD"
"7175177661",-0.01,1460655714727,"Bodyshop","CAW"
"7175177661",0.93,1460655433432,"Brenda Ward","CAD"
"57837272",3.2299999999999893,1460692354635,"Transfer from Savings to Current Account","SAD"
"7175177661",-3.2299999999999893,1460654221605,"Transfer from Savings to Current Account","SAD"
"7175177661",-18.29,1460768757711,"Sky Digital","D/D"
"7175177661",-480,1460735637919,"Rent","D/D"
"7175177661",6.16,1460815741832,"Denise Patterson","CAD"
"4352436098283034",-4.02,1460739311665,"Hitachi Personal Finance","CCW"
"7175177661",4.83,1460893705993,"Interest","CAD"
"4352436098283034",-21.02,1460872444717,"Subway","CCW"
"7175177661",6.97,1461321787306,"Nicole Bailey","CAD"
"7175177661",1.28,1461444097765,"Denise Patterson","CAD"
"7175177661",1600,1461641456990,"Salary BACS Payment","BAC"
"7175177661",-27.06,1461628127318,"Bodyshop","CAW"
"7175177661",-0.01,1461600674709,"Shelter","CAW"
"7175177661",-0.01,1461680581066,"RSPCA","CAW"
"7175177661",-5,1461728360681,"McColls","CAW"
"7175177661",-10.88,1461768130589,"WWF","CAW"
"7175177661",-17.27,1461685608522,"Subway","CAW"
"7175177661",-240.58,1461710845890,"Payment received thank you","CCD"
"4352436098283034",240.58,1461701778151,"Payment received thank you","CCD"
"7175177661",-3.11,1461807623278,"Save the Children","CAW"
"4352436098283034",-5.41,1461819249171,"Barclaycard","CCW"
"4352436098283034",-7.72,1461905981228,"Oxfam","CCW"
"7175177661",-26.16,1461983375351,"Lush","CAW"
"7175177661",-28.35,1461964085430,"Primark","CAW"
"7175177661",-4.45,1461968858191,"Payment received thank you","CCD"
"4352436098283034",4.45,1461979051837,"Payment received thank you","CCD"
"7175177661",0.95,1462097754449,"Nicole Bailey","CAD"
"4352436098283034",-4.73,1462054664352,"Lidl","CCW"
"7175177661",-39.83,1462067440648,"Payment received thank you","CCD"
"4352436098283034",39.83,1462099225925,"Payment received thank you","CCD"
"7175177661",-20.54,1462076597923,"Payment received thank you","CCD"
"4352436098283034",20.54,1462057484166,"Payment received thank you","CCD"
"7175177661",-5.92,1462146777858,"Superdrug","CAW"
"4352436098283034",-13.33,1462145083789,"Hitachi Personal Finance","CCW"
"57837272",-2.9,1462195283010,"Transfer from Current Account to Savings","SAW"
"7175177661",2.9,1462134843458,"Transfer from Current Account to Savings","SAW"
"7175177661",-16.37,1462223568287,"British Gas","D/D"
"7175177661",-41.24,1462219519362,"Sports Direct","CAW"
"4352436098283034",-16.85,1462221415183,"Primark","CCW"
"7175177661",-13.74,1462443678267,"RSPCA","CAW"
"7175177661",-5.1,1462432940808,"MegaBus","CAW"
"4352436098283034",-2.31,1462448588231,"Cancer Research","CCW"
"4352436098283034",-5.66,1462391161894,"Cancer Research","CCW"
"7175177661",-37.6,1462423352450,"Payment received thank you","CCD"
"4352436098283034",37.6,1462454188579,"Payment received thank you","CCD"
"4352436098283034",-1.02,1462417157560,"Barclaycard","CCW"
"7175177661",-0.99,1462581879192,"Wonga","CAW"
"7175177661",-24.82,1462622346901,"McColls","CAW"
"7175177661",1.85,1462560443433,"Interest","CAD"
"4352436098283034",-21.94,1462623962556,"Matalan","CCW"
"7175177661",-22.53,1462655466931,"Payment received thank you","CCD"
"4352436098283034",22.53,1462681450718,"Payment received thank you","CCD"
"7175177661",-157.6,1462704993167,"Payment received thank you","CCD"
"4352436098283034",157.6,1462659976029,"Payment received thank you","CCD"
"7175177661",-22.49,1462775452421,"Supercuts","CAW"
"7175177661",-162.71,1462778262673,"Payment received thank you","CCD"
"4352436098283034",162.71,1462735772514,"Payment received thank you","CCD"
"4352436098283034",-16.14,1462767871991,"Supercuts","CCW"
"7175177661",-13.21,1462813073269,"Odeon Cinemas","CAW"
"7175177661",-1.53,1462825556174,"RSPCA","CAW"
"4352436098283034",-8.72,1462823898282,"National Express","CCW"
"4352436098283034",-9.04,1462863674869,"Matalan","CCW"
"4352436098283034",-12.64,1462880822184,"Matalan","CCW"
"4352436098283034",-8.63,1462829334308,"National Express","CCW"
"57837272",-0.18,1462889402438,"Transfer from Current Account to Savings","SAW"
"7175177661",0.18,1462837656387,"Transfer from Current Account to Savings","SAW"
"7175177661",5.61,1462943632375,"Interest","CAD"
"7175177661",-7,1463017801184,"Barclaycard","CAW"
"4352436098283034",-6.23,1462994724326,"Arriva Wales","CCW"
"57837272",-0.14999999999998942,1462997186721,"Transfer from Current Account to Savings","SAW"
"7175177661",0.14999999999998942,1463023692259,"Transfer from Current Account to Savings","SAW"
"7175177661",-0.01,1463153163847,"Sports Direct","CAW"
"4352436098283034",-6.68,1463144620597,"Subway","CCW"
"7175177661",-5.44,1463068957283,"Payment received thank you","CCD"
"4352436098283034",5.44,1463103741502,"Payment received thank you","CCD"
"7175177661",-27.56,1463100042169,"Payment received thank you","CCD"
"4352436098283034",27.56,1463097006127,"Payment received thank you","CCD"
"7175177661",-5.98,1463212855292,"Cancer Research","CAW"
"4352436098283034",-1.76,1463166440677,"Arriva Wales","CCW"
"4352436098283034",-8.74,1463213550946,"Save the Children","CCW"
"4352436098283034",-12.94,1463220089121,"Odeon Cinemas","CCW"
"4352436098283034",-12.22,1463233836334,"Primark","CCW"
"7175177661",0.32,1463319404792,"Lori Alexander","CAD"
"4352436098283034",-1.82,1463289012082,"Spotify","CCW"
"7175177661",-18.29,1463352041215,"Sky Digital","D/D"
"7175177661",-480,1463351078290,"Rent","D/D"
"4352436098283034",-17.02,1463402205986,"Supercuts","CCW"
"4352436098283034",-11.59,1463327316508,"Subway","CCW"
"4352436098283034",-2.24,1463592813494,"National Express","CCW"
"4352436098283034",-27.39,1463633275395,"Groupon","CCW"
"4352436098283034",-5.41,1463622740498,"WWF","CCW"
"4352436098283034",-14.43,1463675357852,"Matalan","CCW"
"4352436098283034",-5.75,1463856559422,"Wonga","CCW"
"4352436098283034",-19.64,1463938469129,"Lush","CCW"
"4352436098283034",-2.65,1463944183830,"RSPCA","CCW"
"4352436098283034",-25.87,1464085971309,"Spotify","CCW"
"4352436098283034",-4.93,1464142735459,"WWF","CCW"
"4352436098283034",-0.31,1464122116999,"Arriva Wales","CCW"
"7175177661",1600,1464245134455,"Salary BACS Payment","BAC"
"7175177661",-4.21,1464247046645,"Hitachi Personal Finance","CAW"
"7175177661",-28.95,1464316628855,"Lush","CAW"
"4352436098283034",-8.9,1464306419424,"National Express","CCW"
"7175177661",-7.96,1464403381788,"National Express","CAW"
"4352436098283034",-4.71,1464405547464,"Save the Children","CCW"
"4352436098283034",-9.01,1464432945082,"Shelter","CCW"
"7175177661",-2.26,1464517712930,"Barclaycard","CAW"
"4352436098283034",-8.86,1464460622484,"Odeon Cinemas","CCW"
"4352436098283034",-18.05,1464469563664,"Odeon Cinemas","CCW"
"4352436098283034",-12.37,1464456688981,"McColls","CCW"
"7175177661",-11.2,1464602251543,"Groupon","CAW"
"4352436098283034",-23.06,1464683633205,"Odeon Cinemas","CCW"
"7175177661",-8.61,1464742388494,"Supercuts","CAW"
"4352436098283034",-0.01,1464830127667,"RSPCA","CCW"
"4352436098283034",-23.8,1464873275759,"Spotify","CCW"
"7175177661",-16.37,1464932507731,"British Gas","D/D"
"4352436098283034",-10.18,1464893369366,"Matalan","CCW"
"4352436098283034",-6.57,1464947810149,"Shelter","CCW"
"4352436098283034",-4.9,1464897307401,"RSPCA","CCW"
"7175177661",-12.47,1464932151630,"Payment received thank you","CCD"
"4352436098283034",12.47,1464935151039,"Payment received thank you","CCD"
"4352436098283034",-10.72,1464935400596,"Subway","CCW"
"4352436098283034",-16.95,1464965972588,"McColls","CCW"
"7175177661",-134.64,1465024986463,"Payment received thank you","CCD"
"4352436098283034",134.64,1465012783473,"Payment received thank you","CCD"
"7175177661",-11.17,1465081727601,"Arriva Wales","CAW"
"7175177661",-6.64,1465137575313,"Primark","CAW"
"7175177661",-0.01,1465056432824,"MegaBus","CAW"
"7175177661",-10.41,1465141083109,"Hitachi Personal Finance","CAW"
"7175177661",-7.39,1465173493167,"Groupon","CAW"
"7175177661",-5.47,1465178315267,"MegaBus","CAW"
"4352436098283034",-11.75,1465182791362,"Lidl","CCW"
"4352436098283034",-15.99,1465143653812,"McColls","CCW"
"7175177661",-17.2,1465273593469,"Spotify","CAW"
"7175177661",-139.78,1465275917797,"Payment received thank you","CCD"
"4352436098283034",139.78,1465298877249,"Payment received thank you","CCD"
"4352436098283034",-4.21,1465307378671,"National Express","CCW"
"4352436098283034",-29.36,1465249629238,"Groupon","CCW"
"4352436098283034",-7.34,1465264887120,"WWF","CCW"
"4352436098283034",-10.84,1465280716952,"Arriva Wales","CCW"
"4352436098283034",-7.57,1465290286238,"WWF","CCW"
"7175177661",-5.28,1465370801265,"Save the Children","CAW"
"4352436098283034",-0.98,1465339326380,"Save the Children","CCW"
"4352436098283034",-24.19,1465350099805,"Lidl","CCW"
"4352436098283034",-9.73,1465354394588,"MegaBus","CCW"
"4352436098283034",-9.99,1465348803011,"Lidl","CCW"
"4352436098283034",-3.56,1465316839696,"Superdrug","CCW"
"4352436098283034",-7.17,1465452156080,"MegaBus","CCW"
"4352436098283034",-6.06,1465472412482,"Oxfam","CCW"
"7175177661",-12.66,1465458772873,"Payment received thank you","CCD"
"4352436098283034",12.66,1465441670603,"Payment received thank you","CCD"
"4352436098283034",-24.29,1465546731697,"Spotify","CCW"
"7175177661",-5.3,1465609358374,"American Express","CAW"
"7175177661",0.86,1465589907210,"Denise Patterson","CAD"
"7175177661",-10.57,1465596125695,"Arriva Wales","CAW"
"7175177661",-33.36,1465644488858,"Spotify","CAW"
"7175177661",-7.16,1465645219699,"Barclaycard","CAW"
"7175177661",-9.99,1465624457777,"Groupon","CAW"
"4352436098283034",-35.08,1465622992016,"Odeon Cinemas","CCW"
"7175177661",-6.92,1465707976443,"Hitachi Personal Finance","CAW"
"7175177661",-5.11,1465719756391,"National Express","CAW"
"7175177661",-28.79,1465695664868,"Matalan","CAW"
"7175177661",-16.79,1465728763145,"Odeon Cinemas","CAW"
"7175177661",-14.18,1465746159376,"McColls","CAW"
"4352436098283034",-6.59,1465815804110,"Supercuts","CCW"
"7175177661",-280.09,1465773692881,"Payment received thank you","CCD"
"4352436098283034",280.09,1465748844736,"Payment received thank you","CCD"
"7175177661",-20.32,1465912923615,"Payment received thank you","CCD"
"4352436098283034",20.32,1465916932815,"Payment received thank you","CCD"
"7175177661",-14.88,1465959572703,"Odeon Cinemas","CAW"
"4352436098283034",-0.01,1465962361481,"RSPCA","CCW"
"7175177661",-18.29,1466043657321,"Sky Digital","D/D"
"7175177661",-480,1466069158533,"Rent","D/D"
"4352436098283034",-22.21,1466084778007,"Primark","CCW"
"4352436098283034",-29.47,1466134774803,"Superdrug","CCW"
"4352436098283034",-13.5,1466125253962,"McColls","CCW"
"4352436098283034",-7.81,1466139380906,"Groupon","CCW"
"4352436098283034",-16.93,1466129653282,"Odeon Cinemas","CCW"
"4352436098283034",-0.01,1466145617331,"Lidl","CCW"
"4352436098283034",-4.23,1466097339295,"WWF","CCW"
"7175177661",2.89,1466261539115,"Interest","CAD"
"4352436098283034",-12.81,1466181067823,"Lidl","CCW"
"4352436098283034",-6.21,1466190937885,"Save the Children","CCW"
"4352436098283034",-3.69,1466277294864,"Cancer Research","CCW"
"4352436098283034",-14.57,1466502476490,"Arriva Wales","CCW"
"4352436098283034",-6.31,1466510608827,"RSPCA","CCW"
"4352436098283034",-22.99,1466465316502,"Lush","CCW"
"7175177661",1600,1466934076453,"Salary BACS Payment","BAC"
"7175177661",-34.74,1466917378494,"Lidl","CAW"
"7175177661",-10.45,1466888161153,"Spotify","CAW"
"7175177661",-23.78,1466943660287,"Groupon","CAW"
"4352436098283034",-10.53,1466951552784,"Shelter","CCW"
"4352436098283034",-3.31,1466928403136,"Oxfam","CCW"
"7175177661",-19.32,1466968623497,"Spotify","CAW"
"7175177661",-19.29,1466991487480,"Supercuts","CAW"
"7175177661",-26.29,1467007671180,"McColls","CAW"
"7175177661",-0.01,1466987438894,"Oxfam","CAW"
"7175177661",-12.76,1467003547292,"Primark","CAW"
"7175177661",-20.74,1467012770790,"McColls","CAW"
"7175177661",-5.18,1466964451244,"McColls","CAW"
"4352436098283034",-0.01,1467089216703,"Shelter","CCW"
"7175177661",-0.01,1467130361333,"Bodyshop","CAW"
"7175177661",-9.2,1467290724128,"Cancer Research","CAW"
"7175177661",-6.25,1467264808297,"Sports Direct","CAW"
"4352436098283034",-18.88,1467237986739,"Spotify","CCW"
"7175177661",-126.71,1467224010148,"Payment received thank you","CCD"
"4352436098283034",126.71,1467290123953,"Payment received thank you","CCD"
"4352436098283034",-0.8,1467254184324,"Shelter","CCW"
"4352436098283034",-4.98,1467224175905,"Save the Children","CCW"
"4352436098283034",-13.74,1467276529730,"Groupon","CCW"
"4352436098283034",-14.78,1467224855309,"Groupon","CCW"
"7175177661",-5.92,1467362436424,"Groupon","CAW"
"7175177661",-6.14,1467312773558,"WWF","CAW"
"7175177661",-16.89,1467305481593,"Sports Direct","CAW"
"4352436098283034",-0.01,1467327252961,"Matalan","CCW"
"4352436098283034",-0.01,1467366512464,"National Express","CCW"
"7175177661",-8.66,1467456538446,"Hitachi Personal Finance","CAW"
"7175177661",-12.96,1467391781304,"Groupon","CAW"
"7175177661",-0.01,1467421509544,"WWF","CAW"
"57837272",0,1467411018228,"Transfer from Current Account to Savings","SAW"
"7175177661",0,1467419576292,"Transfer from Current Account to Savings","SAW"
"7175177661",-16.37,1467492227113,"British Gas","D/D"
"7175177661",-0.89,1467481102021,"Oxfam","CAW"
"7175177661",-1.85,1467552161972,"Spotify","CAW"
"7175177661",-13.89,1467487422820,"RSPCA","CAW"
"7175177661",-23.68,1467634154624,"Lidl","CAW"
"7175177661",-8.29,1467575193636,"Spotify","CAW"
"7175177661",-19.87,1467563060304,"Bodyshop","CAW"
"7175177661",-18.82,1467592925670,"American Express","CAW"
"7175177661",-7.77,1467633814725,"WWF","CAW"
"7175177661",-0.01,1467702804819,"Shelter","CAW"
"7175177661",-0.01,1467784150154,"Cancer Research","CAW"
"7175177661",-18.34,1467783710695,"Spotify","CAW"
"7175177661",-24.22,1467748285436,"Superdrug","CAW"
"7175177661",-0.7,1467791944092,"Payment received thank you","CCD"
"4352436098283034",0.7,1467773270371,"Payment received thank you","CCD"
"7175177661",-82.53,1467789326587,"Payment received thank you","CCD"
"4352436098283034",82.53,1467782857488,"Payment received thank you","CCD"
"7175177661",-18.03,1467820782430,"Spotify","CAW"
"7175177661",-20.7,1467898712714,"Superdrug","CAW"
"7175177661",1.23,1467864680689,"Lori Alexander","CAD"
"7175177661",-47.09,1467873607940,"Payment received thank you","CCD"
"4352436098283034",47.09,1467833867548,"Payment received thank you","CCD"
"4352436098283034",-11.84,1467904071677,"Groupon","CCW"
"57837272",0,1467897056444,"Transfer from Current Account to Savings","SAW"
"7175177661",0,1467857103364,"Transfer from Current Account to Savings","SAW"
"7175177661",-13.32,1467955461138,"Payment received thank you","CCD"
"4352436098283034",13.32,1467913340565,"Payment received thank you","CCD"
"4352436098283034",-5.15,1467945183274,"Superdrug","CCW"
"7175177661",5.25,1468049516311,"Lori Alexander","CAD"
"7175177661",-9.69,1468075184279,"Lush","CAW"
"7175177661",-7.21,1468019538003,"Spotify","CAW"
"4352436098283034",-28.42,1468061214499,"Groupon","CCW"
"7175177661",-0.01,1468145255421,"Primark","CAW"
"4352436098283034",-0.47,1468131503101,"WWF","CCW"
"4352436098283034",-6.6,1468151672035,"Barclaycard","CCW"
"4352436098283034",-0.01,1468085033439,"Cancer Research","CCW"
"4352436098283034",-0.01,1468096998026,"Odeon Cinemas","CCW"
"7175177661",3.87,1468244902912,"Denise Patterson","CAD"
"7175177661",-5.68,1468249087570,"Save the Children","CAW"
"7175177661",9.33,1468250370483,"Brenda Ward","CAD"
"7175177661",-26.47,1468231839967,"Lidl","CAW"
"7175177661",-21.24,1468273598874,"Superdrug","CAW"
"7175177661",-5.03,1468263870312,"Spotify","CAW"
"7175177661",-0.01,1468305065994,"Cancer Research","CAW"
"7175177661",3.64,1468274102206,"Lori Alexander","CAD"
"7175177661",7.14,1468254129017,"Brenda Ward","CAD"
"7175177661",-2.9,1468376995257,"RSPCA","CAW"
"7175177661",-14.1,1468418856998,"Primark","CAW"
"7175177661",2.89,1468364017091,"Nicole Bailey","CAD"
"7175177661",1.19,1468458021012,"Brenda Ward","CAD"
"7175177661",-0.34,1468431222605,"RSPCA","CAW"
"7175177661",-12.2,1468462033960,"Shelter","CAW"
"7175177661",-18.29,1468609180780,"Sky Digital","D/D"
"7175177661",-480,1468600094775,"Rent","D/D"
"4352436098283034",-0.86,1468625985655,"National Express","CCW"
"7175177661",1.59,1468700890213,"Denise Patterson","CAD"
"7175177661",0.75,1468862968318,"Alan Scott","CAD"
"7175177661",11.27,1468869610513,"Lori Alexander","CAD"
"7175177661",2.36,1468996520123,"Lori Alexander","CAD"
"4352436098283034",-17.93,1469303408205,"Lush","CCW"
"7175177661",1600,1469472867934,"Salary BACS Payment","BAC"
"7175177661",-1.82,1469501526612,"Subway","CAW"
"7175177661",-18.31,1469510132960,"Lidl","CAW"
"7175177661",-0.01,1469492229062,"Supercuts","CAW"
"7175177661",-19.09,1469470485127,"Lush","CAW"
"7175177661",-75.25,1469532257483,"Payment received thank you","CCD"
"4352436098283034",75.25,1469524798884,"Payment received thank you","CCD"
"7175177661",-33.61,1469581992457,"Matalan","CAW"
"7175177661",-25.72,1469613293558,"Subway","CAW"
"7175177661",-13.88,1469574626389,"Sports Direct","CAW"
"7175177661",-3.79,1469632512082,"Cancer Research","CAW"
"7175177661",-5.87,1469608431949,"WWF","CAW"
"4352436098283034",-18.79,1469569377182,"Spotify","CCW"
"7175177661",-105.85,1469685720018,"Payment received thank you","CCD"
"4352436098283034",105.85,1469675302505,"Payment received thank you","CCD"
"4352436098283034",-0.01,1469786028661,"Arriva Wales","CCW"
"7175177661",-1.83,1469826422711,"Wonga","CAW"
"4352436098283034",-4.04,1469874569541,"Shelter","CCW"
"7175177661",-0.21,1470026301246,"Arriva Wales","CAW"
"7175177661",-3.75,1470060015968,"Payment received thank you","CCD"
"4352436098283034",3.75,1470002144560,"Payment received thank you","CCD"
"4352436098283034",-6.16,1470133483857,"Primark","CCW"
"7175177661",-16.37,1470212912568,"British Gas","D/D"
"4352436098283034",-0.01,1470152293391,"Sports Direct","CCW"
"7175177661",-27.39,1470255874481,"Matalan","CAW"
"7175177661",-14.06,1470288303635,"Lush","CAW"
"7175177661",-9.03,1470276756981,"WWF","CAW"
"7175177661",-11.85,1470296184436,"American Express","CAW"
"7175177661",-0.01,1470271549170,"Save the Children","CAW"
"7175177661",-1.05,1470319101141,"Shelter","CAW"
"7175177661",-11.61,1470238940589,"McColls","CAW"
"7175177661",-6.38,1470248908191,"Sports Direct","CAW"
"7175177661",-177.96,1470274426652,"Payment received thank you","CCD"
"4352436098283034",177.96,1470288987116,"Payment received thank you","CCD"
"4352436098283034",-10.23,1470270420931,"Save the Children","CCW"
"4352436098283034",-0.01,1470281354646,"American Express","CCW"
"7175177661",-2.49,1470398439559,"MegaBus","CAW"
"7175177661",-1.69,1470410090508,"Odeon Cinemas","CAW"
"7175177661",-20.98,1470399267030,"Spotify","CAW"
"4352436098283034",-8.14,1470335284258,"Bodyshop","CCW"
"7175177661",-2.16,1470556168329,"WWF","CAW"
"7175177661",-0.01,1470547442321,"Matalan","CAW"
"7175177661",-107.13,1470580984691,"Payment received thank you","CCD"
"4352436098283034",107.13,1470561481888,"Payment received thank you","CCD"
"7175177661",-15.47,1470674750301,"Bodyshop","CAW"
"4352436098283034",-0.9,1470729726021,"American Express","CCW"
"4352436098283034",-10.17,1470732362132,"Wonga","CCW"
"7175177661",-30.61,1470764285097,"Supercuts","CAW"
"4352436098283034",-27,1470822118738,"Sports Direct","CCW"
"7175177661",-12.55,1470866514991,"Subway","CAW"
"4352436098283034",-8.17,1470879882500,"National Express","CCW"
"7175177661",-19.54,1471095254273,"Subway","CAW"
"7175177661",-5.18,1471088152743,"Subway","CAW"
"7175177661",-36.76,1471019311714,"McColls","CAW"
"7175177661",-45.35,1471156486748,"Payment received thank you","CCD"
"4352436098283034",45.35,1471116746308,"Payment received thank you","CCD"
"4352436098283034",-0.01,1471153183533,"Supercuts","CCW"
"4352436098283034",-8.18,1471180880684,"Subway","CCW"
"7175177661",-26.97,1471197667971,"Sports Direct","CAW"
"7175177661",8.55,1471241369563,"Denise Patterson","CAD"
"7175177661",-18.29,1471327374135,"Sky Digital","D/D"
"7175177661",-480,1471276508330,"Rent","D/D"
"4352436098283034",-4.62,1471343910073,"RSPCA","CCW"
"4352436098283034",-6.49,1471417508204,"Barclaycard","CCW"
"4352436098283034",-8.42,1471377395764,"Superdrug","CCW"
"4352436098283034",-15.08,1471530160383,"Odeon Cinemas","CCW"
"4352436098283034",-5.63,1471460474398,"American Express","CCW"
"4352436098283034",-0.01,1471549185382,"Subway","CCW"
"4352436098283034",-4.86,1471701950631,"Subway","CCW"
"4352436098283034",-21.97,1471639739430,"Primark","CCW"
"4352436098283034",-13.75,1471741334345,"Lush","CCW"
"4352436098283034",-9.39,1471811647519,"Oxfam","CCW"
"4352436098283034",-11.14,1471830595440,"Arriva Wales","CCW"
"4352436098283034",-18.52,1471931843131,"Matalan","CCW"
"4352436098283034",-7.48,1472047411939,"Save the Children","CCW"
"7175177661",4.22,1472086987881,"Nicole Bailey","CAD"
"7175177661",4.76,1472093902518,"Brenda Ward","CAD"
"7175177661",1600,1472209552082,"Salary BACS Payment","BAC"
"7175177661",-7.07,1472141768750,"Barclaycard","CAW"
"7175177661",0.22,1472182005821,"Lori Alexander","CAD"
"7175177661",8.64,1472190443591,"Interest","CAD"
"7175177661",-7.91,1472184099595,"Payment received thank you","CCD"
"4352436098283034",7.91,1472170447171,"Payment received thank you","CCD"
"7175177661",-48.74,1472158195982,"Payment received thank you","CCD"
"4352436098283034",48.74,1472220510240,"Payment received thank you","CCD"
"7175177661",0.34,1472345613873,"Alan Scott","CAD"
"7175177661",-2.07,1472339153754,"Groupon","CAW"
"4352436098283034",-33.53,1472386588903,"Spotify","CCW"
"7175177661",1.73,1472474996646,"Lori Alexander","CAD"
"7175177661",-14.56,1472538859686,"Barclaycard","CAW"
"4352436098283034",-8.35,1472544856683,"National Express","CCW"
"4352436098283034",-16.99,1472702257278,"Odeon Cinemas","CCW"
"7175177661",-4.38,1472788952976,"Barclaycard","CAW"
"7175177661",-16.37,1472862661845,"British Gas","D/D"
"7175177661",-4.97,1472875569649,"Hitachi Personal Finance","CAW"
"4352436098283034",-3.24,1472882215713,"RSPCA","CCW"
"57837272",0,1472865470796,"Transfer from Current Account to Savings","SAW"
"7175177661",0,1472904898392,"Transfer from Current Account to Savings","SAW"
"7175177661",-0.01,1473000113057,"Hitachi Personal Finance","CAW"
"7175177661",-17.41,1473135086815,"Supercuts","CAW"
"4352436098283034",-4.49,1473174076025,"RSPCA","CCW"
"7175177661",1.72,1473270738214,"Alan Scott","CAD"
"7175177661",-7.63,1473307698168,"Arriva Wales","CAW"
"7175177661",-11.35,1473341175562,"Shelter","CAW"
"7175177661",-3.78,1473328399636,"Sports Direct","CAW"
"7175177661",-50.95,1473338451477,"Payment received thank you","CCD"
"4352436098283034",50.95,1473335438064,"Payment received thank you","CCD"
"7175177661",5.76,1473358910439,"Interest","CAD"
"7175177661",-4.73,1473396676185,"American Express","CAW"
"7175177661",-4.69,1473403287018,"National Express","CAW"
"7175177661",-10.67,1473378307290,"RSPCA","CAW"
"7175177661",4.33,1473390129657,"Nicole Bailey","CAD"
"7175177661",-3.7,1473428325480,"McColls","CAW"
"7175177661",-0.45,1473363436597,"Wonga","CAW"
"7175177661",-13.06,1473403467160,"Spotify","CAW"
"4352436098283034",-13.99,1473442337637,"Primark","CCW"
"7175177661",-14.03,1473575193006,"RSPCA","CAW"
"7175177661",-193.54,1473567459224,"Payment received thank you","CCD"
"4352436098283034",193.54,1473597552816,"Payment received thank you","CCD"
"4352436098283034",-11.26,1473727196965,"Odeon Cinemas","CCW"
"4352436098283034",-0.01,1473706500230,"Save the Children","CCW"
"4352436098283034",-6.47,1473751807301,"MegaBus","CCW"
"4352436098283034",-4.34,1473775541591,"National Express","CCW"
"4352436098283034",-25.32,1473784639958,"Groupon","CCW"
"7175177661",-28.34,1473935238146,"Lidl","CAW"
"7175177661",-9.45,1473899434120,"Arriva Wales","CAW"
"4352436098283034",-1.75,1473940530314,"Oxfam","CCW"
"7175177661",-18.29,1474010406713,"Sky Digital","D/D"
"7175177661",-480,1474022609137,"Rent","D/D"
"7175177661",3.24,1474153614365,"Denise Patterson","CAD"
"4352436098283034",-5.12,1474367143611,"RSPCA","CCW"
"7175177661",-7.31,1474502654738,"Arriva Wales","CAW"
"7175177661",0.07,1474585591095,"Brenda Ward","CAD"
"4352436098283034",-3.31,1474637391829,"Barclaycard","CCW"
"4352436098283034",-9.34,1474649048197,"Lush","CCW"
"4352436098283034",-6.76,1474786402547,"WWF","CCW"
"7175177661",1600,1474883422048,"Salary BACS Payment","BAC"
"7175177661",-35,1474862676933,"Subway","CAW"
"7175177661",-11.39,1474894750304,"WWF","CAW"
"4352436098283034",-13.51,1474875415581,"Lush","CCW"
"7175177661",-13.03,1474950481219,"National Express","CAW"
"7175177661",-0.01,1474989369143,"Lush","CAW"
"7175177661",-3,1474918035890,"Arriva Wales","CAW"
"7175177661",-1.76,1474948268888,"Shelter","CAW"
"7175177661",-19.74,1474939547267,"Primark","CAW"
"7175177661",-0.01,1474976200565,"MegaBus","CAW"
"7175177661",-0.01,1474953055870,"National Express","CAW"
"7175177661",-24.78,1475064682782,"Superdrug","CAW"
"7175177661",-0.59,1475032641779,"Hitachi Personal Finance","CAW"
"4352436098283034",-7.15,1475021677572,"Lidl","CCW"
"7175177661",-1.66,1475126991964,"Payment received thank you","CCD"
"4352436098283034",1.66,1475088423057,"Payment received thank you","CCD"
"7175177661",-2.49,1475232603231,"Lush","CAW"
"7175177661",-12.1,1475199176693,"Spotify","CAW"
"7175177661",-10.74,1475247234588,"Sports Direct","CAW"
"7175177661",6.07,1475232835728,"Alan Scott","CAD"
"7175177661",-1.43,1475209762423,"Cancer Research","CAW"
"4352436098283034",-20.65,1475238015030,"Odeon Cinemas","CCW"
"7175177661",-22.65,1475348636262,"Groupon","CAW"
"7175177661",0.24,1475340023342,"Lori Alexander","CAD"
"7175177661",-0.01,1475383422719,"Barclaycard","CAW"
"7175177661",-17.81,1475358238524,"Payment received thank you","CCD"
"4352436098283034",17.81,1475385218988,"Payment received thank you","CCD"
"7175177661",-17.91,1475362052870,"Payment received thank you","CCD"
"4352436098283034",17.91,1475359705566,"Payment received thank you","CCD"
"7175177661",-324.4,1475402819700,"Payment received thank you","CCD"
"4352436098283034",324.4,1475420577626,"Payment received thank you","CCD"
"4352436098283034",-18.53,1475385936029,"Lush","CCW"
"7175177661",-16.37,1475442384487,"British Gas","D/D"
"7175177661",-10.67,1475497570765,"Odeon Cinemas","CAW"
"7175177661",-8.02,1475495013550,"Cancer Research","CAW"
"7175177661",-6.98,1475464923688,"American Express","CAW"
"7175177661",-11.32,1475505154696,"Lidl","CAW"
"4352436098283034",-9.64,1475475262740,"RSPCA","CCW"
"7175177661",-2.49,1475629612145,"RSPCA","CAW"
"4352436098283034",-10.95,1475652173662,"National Express","CCW"
"4352436098283034",-20.41,1475626021680,"Bodyshop","CCW"
"7175177661",-12.47,1475693209568,"Barclaycard","CAW"
"4352436098283034",-6.13,1475735729932,"Arriva Wales","CCW"
"4352436098283034",-10.35,1475716299815,"Lidl","CCW"
"7175177661",-0.01,1475838875891,"WWF","CAW"
"7175177661",-11.69,1475806028919,"Lush","CAW"
"7175177661",-12.11,1475821922197,"Odeon Cinemas","CAW"
"4352436098283034",-14.5,1475852345439,"Oxfam","CCW"
"7175177661",-11.21,1476011029855,"National Express","CAW"
"4352436098283034",-20.95,1475985769688,"Lush","CCW"
"4352436098283034",-9.7,1475961001660,"Arriva Wales","CCW"
"4352436098283034",-0.01,1475945803429,"Spotify","CCW"
"4352436098283034",-17.13,1475942748012,"RSPCA","CCW"
"4352436098283034",-8.4,1476107436255,"Sports Direct","CCW"
"4352436098283034",-8.96,1476192396231,"Barclaycard","CCW"
"4352436098283034",-13.14,1476221300069,"Odeon Cinemas","CCW"
"4352436098283034",-6.43,1476245823528,"MegaBus","CCW"
"7175177661",-113.27,1476369991680,"Payment received thank you","CCD"
"4352436098283034",113.27,1476314356922,"Payment received thank you","CCD"
"4352436098283034",-24.34,1476412761724,"Spotify","CCW"
"7175177661",-63.12,1476390363111,"Payment received thank you","CCD"
"4352436098283034",63.12,1476383760845,"Payment received thank you","CCD"
"7175177661",-49.07,1476405765948,"Payment received thank you","CCD"
"4352436098283034",49.07,1476426794079,"Payment received thank you","CCD"
"4352436098283034",-5.69,1476391162593,"RSPCA","CCW"
"4352436098283034",-12,1476391506700,"Groupon","CCW"
"7175177661",-8.36,1476522253902,"WWF","CAW"
"7175177661",-15.02,1476529699644,"Supercuts","CAW"
"7175177661",-8.3,1476480714615,"American Express","CAW"
"7175177661",-28.54,1476493871074,"Superdrug","CAW"
"7175177661",-14.49,1476513243366,"Spotify","CAW"
"4352436098283034",-3.97,1476531296929,"Primark","CCW"
"4352436098283034",-2.14,1476519979284,"Matalan","CCW"
"4352436098283034",-12.66,1476498385578,"Groupon","CCW"
"7175177661",-18.29,1476549029425,"Sky Digital","D/D"
"7175177661",-480,1476602838582,"Rent","D/D"
"4352436098283034",-19.86,1476608417962,"Matalan","CCW"
"4352436098283034",-7.58,1476798578253,"Shelter","CCW"
"4352436098283034",-0.01,1476875728907,"Cancer Research","CCW"
"4352436098283034",-1.69,1476960550669,"Hitachi Personal Finance","CCW"
"4352436098283034",-16.38,1477013844906,"American Express","CCW"
"4352436098283034",-1,1477098637321,"Save the Children","CCW"
"4352436098283034",-22.26,1477369090599,"Superdrug","CCW"
"7175177661",1600,1477462505329,"Salary BACS Payment","BAC"
"7175177661",-4.34,1477432838327,"Hitachi Personal Finance","CAW"
"4352436098283034",-12.84,1477445926890,"Superdrug","CCW"
"7175177661",-0.01,1477502454046,"Barclaycard","CAW"
"4352436098283034",-0.81,1477599007810,"Barclaycard","CCW"
"7175177661",-371.83,1477610755217,"Payment received thank you","CCD"
"4352436098283034",371.83,1477629554636,"Payment received thank you","CCD"
"4352436098283034",-8.8,1477729771311,"Save the Children","CCW"
"4352436098283034",-1.72,1477681122510,"Cancer Research","CCW"
"4352436098283034",-0.01,1477836054411,"Cancer Research","CCW"
"4352436098283034",-0.01,1477860622270,"MegaBus","CCW"
"7175177661",-300.7,1477854163807,"Payment received thank you","CCD"
"4352436098283034",300.7,1477846804610,"Payment received thank you","CCD"
"4352436098283034",-7.24,1477860417870,"Cancer Research","CCW"
"4352436098283034",-12.81,1477891819377,"Groupon","CCW"
"7175177661",-15.53,1477987924692,"National Express","CAW"
"7175177661",6.09,1477983177428,"Interest","CAD"
"4352436098283034",-14.22,1477968237247,"Odeon Cinemas","CCW"
"7175177661",7.14,1478098882872,"Lori Alexander","CAD"
"4352436098283034",-23.79,1478098418624,"Subway","CCW"
"7175177661",-16.37,1478166956933,"British Gas","D/D"
"7175177661",-22,1478182984098,"Superdrug","CAW"
"7175177661",-10.59,1478166393212,"Lush","CAW"
"7175177661",-0.01,1478128056693,"Save the Children","CAW"
"7175177661",-4.86,1478161601026,"Shelter","CAW"
"4352436098283034",-0.01,1478134179469,"Arriva Wales","CCW"
"7175177661",-0.01,1478352493084,"RSPCA","CAW"
"7175177661",-176.7,1478451818450,"Payment received thank you","CCD"
"4352436098283034",176.7,1478481567424,"Payment received thank you","CCD"
"7175177661",0.64,1478747620837,"Denise Patterson","CAD"
"7175177661",-0.04,1478944269484,"Cancer Research","CAW"
"7175177661",-32.74,1478930094347,"Subway","CAW"
"7175177661",-3.68,1478917359832,"American Express","CAW"
"7175177661",-3.42,1478933481455,"Oxfam","CAW"
"7175177661",-27.02,1478935872355,"Supercuts","CAW"
"7175177661",1.24,1478905301932,"Alan Scott","CAD"
"4352436098283034",-0.01,1478961238959,"Arriva Wales","CCW"
"7175177661",-8.65,1478996605749,"Wonga","CAW"
"7175177661",-10.48,1478971016083,"Matalan","CAW"
"7175177661",-28.28,1478984922641,"Subway","CAW"
"7175177661",-170.25,1479021944298,"Payment received thank you","CCD"
"4352436098283034",170.25,1479031294829,"Payment received thank you","CCD"
"4352436098283034",-29.02,1479035341809,"Primark","CCW"
"7175177661",-9.7,1479132546091,"MegaBus","CAW"
"7175177661",-1.69,1479131647354,"Superdrug","CAW"
"4352436098283034",-0.45,1479155514998,"National Express","CCW"
"7175177661",-18.29,1479275077963,"Sky Digital","D/D"
"7175177661",-480,1479290913633,"Rent","D/D"
"4352436098283034",-14.1,1479377891401,"Sports Direct","CCW"
"7175177661",10.85,1479406652489,"Lori Alexander","CAD"