"accountNumber","customerAccountNumber","description","name","reference","sortCode"
"15746917","4538439729","Gardening","Ida Love","Martin","07-64-14"
"47000283","4538439729","Upkeep","Mattie McGee","Jerry","09-89-14"
"42544707","4538439729","Electrical checking","Chad Moss","James","09-89-85"
"13688661","4538439729","Gardening","Paul Rodriguez","Parents","09-68-02"
"55648095","4538439729","Upkeep","Carrie Larson","Anne","08-09-13"
"72463410","4538439729","Gardening","Mayme Blair","James","06-59-46"
"85554006","4538439729","Debts","Travis Dennis","Martin","06-56-65"