"accountNumber","customerAccountNumber","description","name","reference","sortCode"
"67439481","2763512073","Debts","Loretta Elliott","Parents","06-64-81"
"51721403","2763512073","Beer money","Lester Powell","Sister","07-19-43"
"19942940","2763512073","Beer money","Eric Wilkins","Anne","09-84-57"
"71651333","2763512073","Upkeep","Cole Parker","Winona","08-38-01"
"13158284","2763512073","Beer money","Howard George","Parents","08-37-27"
"91307718","2763512073","Debts","Bertie Sullivan","Sister","06-20-18"
"39608014","2763512073","Debts","Kathryn Reid","Winona","08-42-26"
"10762316","2763512073","Electrical checking","Laura Aguilar","Sigourney","06-23-95"