"account","amount","date","description","type"
"7723109118",-8.4,1447924187656,"National Express","CAW"
"7723109118",9.36,1447884493798,"Nicole Bailey","CAD"
"7723109118",-30.37,1447874190809,"Lidl","CAW"
"7723109118",-8.98,1447937764162,"Cancer Research","CAW"
"4899369886039161",-13.33,1447872328118,"Odeon Cinemas","CCW"
"4528795504846924",-14.12,1448005042682,"Lush","CCW"
"7723109118",-114.88,1448028943200,"Payment received thank you","CCD"
"4528795504846924",114.88,1447999924870,"Payment received thank you","CCD"
"71869266",-0.9,1448023790371,"Transfer from Current Account to Savings","SAW"
"7723109118",0.9,1447965574984,"Transfer from Current Account to Savings","SAW"
"7723109118",-10.94,1448084197626,"Wonga","CAW"
"7723109118",-8.14,1448094801444,"RSPCA","CAW"
"7723109118",-26.43,1448098931394,"Bodyshop","CAW"
"4899369886039161",-13.65,1448035153818,"Groupon","CCW"
"4899369886039161",-2.59,1448107326951,"Shelter","CCW"
"4528795504846924",-0.01,1448113487375,"Arriva Wales","CCW"
"00972013",-9.91,1448080325060,"Transfer from Current Account to Savings","SAW"
"7723109118",9.91,1448069688046,"Transfer from Current Account to Savings","SAW"
"00972013",0,1448099984966,"Transfer from Current Account to Savings","SAW"
"7723109118",0,1448102249725,"Transfer from Current Account to Savings","SAW"
"7723109118",-2.96,1448137001087,"MegaBus","CAW"
"7723109118",-88.39,1448133599586,"Payment received thank you","CCD"
"4899369886039161",88.39,1448134342434,"Payment received thank you","CCD"
"4899369886039161",-10.77,1448154268251,"Bodyshop","CCW"
"4528795504846924",-14.29,1448192625759,"Subway","CCW"
"4528795504846924",-8.26,1448122471348,"Save the Children","CCW"
"7723109118",9.73,1448258411385,"Nicole Bailey","CAD"
"7723109118",-7.86,1448286037208,"Matalan","CAW"
"7723109118",-7.12,1448226253971,"Hitachi Personal Finance","CAW"
"4899369886039161",-0.01,1448270187947,"Wonga","CCW"
"71869266",-6.94,1448239729910,"Transfer from Current Account to Savings","SAW"
"7723109118",6.94,1448283514977,"Transfer from Current Account to Savings","SAW"
"7723109118",-30.21,1448316735122,"Three Mobile","D/D"
"7723109118",-0.13,1448305938825,"Virgin Media","D/D"
"4899369886039161",-5.71,1448329463065,"Spotify","CCW"
"4899369886039161",-5,1448343971129,"MegaBus","CCW"
"4899369886039161",-9.42,1448315822790,"Groupon","CCW"
"4899369886039161",-20.7,1448306252776,"Superdrug","CCW"
"4899369886039161",-10.87,1448362331367,"Subway","CCW"
"4899369886039161",-5.02,1448377298718,"Wonga","CCW"
"4899369886039161",-17.33,1448349760154,"Supercuts","CCW"
"4899369886039161",-2.74,1448355210438,"Wonga","CCW"
"4899369886039161",-1.83,1448334168380,"Shelter","CCW"
"4899369886039161",-21.42,1448354007627,"Supercuts","CCW"
"4528795504846924",-6.23,1448323992748,"Oxfam","CCW"
"00972013",0,1448359060555,"Transfer from Current Account to Savings","SAW"
"7723109118",0,1448353477824,"Transfer from Current Account to Savings","SAW"
"00972013",0,1448304818899,"Transfer from Current Account to Savings","SAW"
"7723109118",0,1448369953430,"Transfer from Current Account to Savings","SAW"
"4899369886039161",-14.98,1448447585439,"Spotify","CCW"
"4899369886039161",-4.93,1448414751895,"Oxfam","CCW"
"4528795504846924",-6.25,1448439913829,"Arriva Wales","CCW"
"00972013",1.6100000000000696,1448432044693,"Transfer from Savings to Current Account","SAD"
"7723109118",-1.6100000000000696,1448443745496,"Transfer from Savings to Current Account","SAD"
"7723109118",1600,1448507942570,"Salary BACS Payment","BAC"
"7723109118",-21.21,1448494513672,"Groupon","CAW"
"7723109118",-16.32,1448493820902,"Groupon","CAW"
"7723109118",-14.05,1448494480913,"Arriva Wales","CAW"
"7723109118",-22.25,1448498000444,"Subway","CAW"
"7723109118",-12.99,1448512555612,"Groupon","CAW"
"4899369886039161",-0.34,1448537520038,"Shelter","CCW"
"4899369886039161",-5.99,1448538481790,"Oxfam","CCW"
"00972013",-0.41,1448488307164,"Transfer from Current Account to Savings","SAW"
"7723109118",0.41,1448546103352,"Transfer from Current Account to Savings","SAW"
"7723109118",-0.01,1448607515244,"Oxfam","CAW"
"7723109118",-0.01,1448573075205,"WWF","CAW"
"7723109118",-10.05,1448597801983,"American Express","CAW"
"7723109118",-1.56,1448564224606,"Subway","CAW"
"7723109118",-0.01,1448578607422,"Lidl","CAW"
"7723109118",-12.57,1448601141443,"Sports Direct","CAW"
"7723109118",-145.53,1448585293708,"Payment received thank you","CCD"
"4899369886039161",145.53,1448593421054,"Payment received thank you","CCD"
"7723109118",-45.17,1448625819638,"Payment received thank you","CCD"
"4899369886039161",45.17,1448597995114,"Payment received thank you","CCD"
"4899369886039161",-0.17,1448592662433,"Save the Children","CCW"
"4899369886039161",-22.55,1448604712518,"Superdrug","CCW"
"4899369886039161",-1.94,1448621428893,"Oxfam","CCW"
"4899369886039161",-0.01,1448590094228,"National Express","CCW"
"4528795504846924",-4.77,1448611685442,"Oxfam","CCW"
"4528795504846924",-21.89,1448572790020,"Superdrug","CCW"
"7723109118",-230.25,1448571649016,"Payment received thank you","CCD"
"4528795504846924",230.25,1448604013615,"Payment received thank you","CCD"
"4528795504846924",-7.51,1448600654556,"Save the Children","CCW"
"00972013",-1.2000000000000697,1448608467023,"Transfer from Current Account to Savings","SAW"
"7723109118",1.2000000000000697,1448605736325,"Transfer from Current Account to Savings","SAW"
"7723109118",-4.72,1448672003207,"MegaBus","CAW"
"7723109118",-110.73,1448664185764,"Payment received thank you","CCD"
"4899369886039161",110.73,1448717270764,"Payment received thank you","CCD"
"7723109118",-60.45,1448691836467,"Payment received thank you","CCD"
"4528795504846924",60.45,1448665452984,"Payment received thank you","CCD"
"7723109118",-63.32,1448668934321,"Payment received thank you","CCD"
"4528795504846924",63.32,1448665546645,"Payment received thank you","CCD"
"7723109118",-11.62,1448734354941,"Shelter","CAW"
"4899369886039161",-21.57,1448754083046,"Odeon Cinemas","CCW"
"4528795504846924",-8.8,1448807990940,"National Express","CCW"
"4528795504846924",-9.14,1448768013943,"Hitachi Personal Finance","CCW"
"4528795504846924",-28.02,1448775939276,"Lidl","CCW"
"7723109118",-54.66,1448744860658,"Payment received thank you","CCD"
"4528795504846924",54.66,1448795158449,"Payment received thank you","CCD"
"71869266",-14.09,1448761338799,"Transfer from Current Account to Savings","SAW"
"7723109118",14.09,1448740150383,"Transfer from Current Account to Savings","SAW"
"00972013",0,1448777676936,"Transfer from Current Account to Savings","SAW"
"7723109118",0,1448805221911,"Transfer from Current Account to Savings","SAW"
"4899369886039161",-3.42,1448897552869,"Hitachi Personal Finance","CCW"
"4528795504846924",-25.61,1448865796125,"Primark","CCW"
"4528795504846924",-0.01,1448867749946,"National Express","CCW"
"7723109118",-44.44,1448826855001,"Payment received thank you","CCD"
"4528795504846924",44.44,1448837611715,"Payment received thank you","CCD"
"00972013",0,1448889556650,"Transfer from Current Account to Savings","SAW"
"7723109118",0,1448881835509,"Transfer from Current Account to Savings","SAW"
"7723109118",-5.48,1448964047498,"Hitachi Personal Finance","CAW"
"7723109118",-0.01,1448950506742,"Arriva Wales","CAW"
"7723109118",-8.24,1448939449856,"RSPCA","CAW"
"4899369886039161",-5.04,1448907467099,"RSPCA","CCW"
"4899369886039161",-26.21,1448977323513,"Sports Direct","CCW"
"7723109118",-39.59,1448942973402,"Payment received thank you","CCD"
"4899369886039161",39.59,1448960650140,"Payment received thank you","CCD"
"4528795504846924",-7.3,1448941758842,"Shelter","CCW"
"4528795504846924",-12.14,1448958692210,"Primark","CCW"
"7723109118",-6,1449016506487,"Spotify","CAW"
"7723109118",14.82,1448984362418,"Alan Scott","CAD"
"4899369886039161",-6.25,1448990334646,"Save the Children","CCW"
"7723109118",-18.02,1449070325401,"Payment received thank you","CCD"
"4899369886039161",18.02,1449067512215,"Payment received thank you","CCD"
"4528795504846924",-7.54,1449032474200,"National Express","CCW"
"4528795504846924",-35.47,1448993862403,"Primark","CCW"
"7723109118",0.65,1449146572051,"Nicole Bailey","CAD"
"7723109118",-70.13,1449153260482,"Payment received thank you","CCD"
"4899369886039161",70.13,1449141019084,"Payment received thank you","CCD"
"4899369886039161",-27.17,1449140787033,"McColls","CCW"
"4899369886039161",-1.22,1449075416089,"Cancer Research","CCW"
"7723109118",-255.43,1449104818789,"Payment received thank you","CCD"
"4899369886039161",255.43,1449114019873,"Payment received thank you","CCD"
"7723109118",-28.55,1449140590160,"Payment received thank you","CCD"
"4899369886039161",28.55,1449089630056,"Payment received thank you","CCD"
"7723109118",-15.6,1449184761833,"Superdrug","CAW"
"7723109118",-11.49,1449163396503,"National Express","CAW"
"4899369886039161",-6.64,1449190747680,"Oxfam","CCW"
"4899369886039161",-13.59,1449193145868,"Lush","CCW"
"4528795504846924",-15.39,1449197582307,"Oxfam","CCW"
"4528795504846924",-5.72,1449194892024,"National Express","CCW"
"7723109118",-45.04,1449251015209,"McColls","CAW"
"7723109118",-20.58,1449286068755,"Lidl","CAW"
"7723109118",-2.54,1449289197066,"Oxfam","CAW"
"7723109118",2.1,1449292993745,"Interest","CAD"
"7723109118",-3.61,1449257713199,"Lush","CAW"
"4899369886039161",-22.69,1449262054303,"Lidl","CCW"
"4899369886039161",-15.77,1449306842503,"Shelter","CCW"
"4899369886039161",-0.78,1449258826425,"Arriva Wales","CCW"
"4899369886039161",-7.01,1449281766127,"Cancer Research","CCW"
"4899369886039161",-6.73,1449243860488,"Oxfam","CCW"
"4899369886039161",-15.42,1449321224669,"Matalan","CCW"
"4899369886039161",-2.68,1449308087541,"Lidl","CCW"
"4899369886039161",-2.96,1449291023088,"Arriva Wales","CCW"
"7723109118",-21.32,1449375660490,"Spotify","CAW"
"4899369886039161",-15.33,1449411224211,"Odeon Cinemas","CCW"
"4899369886039161",-15.41,1449344340982,"Lush","CCW"
"4899369886039161",-14.76,1449410306239,"Oxfam","CCW"
"00972013",0,1449379786327,"Transfer from Current Account to Savings","SAW"
"7723109118",0,1449352773299,"Transfer from Current Account to Savings","SAW"
"4899369886039161",-0.01,1449457382028,"Sports Direct","CCW"
"4528795504846924",-5.21,1449490942299,"WWF","CCW"
"00972013",0,1449431065890,"Transfer from Current Account to Savings","SAW"
"7723109118",0,1449439527697,"Transfer from Current Account to Savings","SAW"
"7723109118",-4.95,1449506992853,"Superdrug","CAW"
"4528795504846924",-14,1449531467846,"Groupon","CCW"
"4528795504846924",-22.56,1449571206514,"Odeon Cinemas","CCW"
"71869266",-7.32,1449543348449,"Transfer from Current Account to Savings","SAW"
"7723109118",7.32,1449543872529,"Transfer from Current Account to Savings","SAW"
"00972013",0,1449546973679,"Transfer from Current Account to Savings","SAW"
"7723109118",0,1449545648491,"Transfer from Current Account to Savings","SAW"
"7723109118",-7.96,1449602329011,"American Express","CAW"
"7723109118",-0.01,1449604710187,"Save the Children","CAW"
"4528795504846924",-10.25,1449596254825,"Oxfam","CCW"
"4528795504846924",-3.43,1449642035379,"Arriva Wales","CCW"
"00972013",0,1449661717262,"Transfer from Current Account to Savings","SAW"
"7723109118",0,1449629597257,"Transfer from Current Account to Savings","SAW"
"4899369886039161",-14.99,1449697026904,"Sports Direct","CCW"
"4899369886039161",-28.04,1449687920173,"Odeon Cinemas","CCW"
"4899369886039161",-6.37,1449677663147,"Hitachi Personal Finance","CCW"
"4899369886039161",-4.55,1449742427718,"RSPCA","CCW"
"4899369886039161",-28.12,1449745656128,"Sports Direct","CCW"
"4899369886039161",-16.84,1449711922468,"Odeon Cinemas","CCW"
"4528795504846924",-23.77,1449722049927,"Bodyshop","CCW"
"4528795504846924",-0.37,1449691351777,"MegaBus","CCW"
"4528795504846924",-10.24,1449704012446,"Wonga","CCW"
"4528795504846924",-15.63,1449719162498,"Matalan","CCW"
"00972013",0,1449745805482,"Transfer from Current Account to Savings","SAW"
"7723109118",0,1449730588147,"Transfer from Current Account to Savings","SAW"
"00972013",0,1449701657016,"Transfer from Current Account to Savings","SAW"
"7723109118",0,1449730315052,"Transfer from Current Account to Savings","SAW"
"00972013",0,1449704611307,"Transfer from Current Account to Savings","SAW"
"7723109118",0,1449680440846,"Transfer from Current Account to Savings","SAW"
"7723109118",12.33,1449842904114,"Denise Patterson","CAD"
"4899369886039161",-0.01,1449771036088,"Hitachi Personal Finance","CCW"
"4899369886039161",-17.32,1449797862558,"Lidl","CCW"
"4528795504846924",-5.94,1449844074287,"Bodyshop","CCW"
"4528795504846924",-11.24,1449767052702,"Lush","CCW"
"71869266",12.419999999999938,1449833077375,"Transfer from Savings to Current Account","SAD"
"7723109118",-12.419999999999938,1449785649063,"Transfer from Savings to Current Account","SAD"
"7723109118",-5.53,1449905140619,"Churchill Insurance","D/D"
"7723109118",0.01,1449903394700,"Denise Patterson","CAD"
"4899369886039161",-8.81,1449901182698,"American Express","CCW"
"4528795504846924",-0.01,1449889313769,"Oxfam","CCW"
"7723109118",2.84,1449938476488,"Interest","CAD"
"4899369886039161",-10.35,1450012625190,"Lidl","CCW"
"4528795504846924",-20.38,1449970465761,"Matalan","CCW"
"4528795504846924",-2.22,1450006038600,"Cancer Research","CCW"
"4528795504846924",-6.64,1449946092315,"Oxfam","CCW"
"4528795504846924",-6.75,1449990549340,"Cancer Research","CCW"
"4528795504846924",-9.26,1450016483917,"Sports Direct","CCW"
"4528795504846924",-6.35,1450001757062,"Bodyshop","CCW"
"4528795504846924",-24.84,1449935487196,"Lidl","CCW"
"4528795504846924",-4.79,1449939248244,"Shelter","CCW"
"4528795504846924",-1.57,1449941807012,"American Express","CCW"
"4528795504846924",-2.44,1449965900677,"Wonga","CCW"
"4528795504846924",-27.74,1450010044539,"Sports Direct","CCW"
"4528795504846924",-14.56,1449981399647,"Lush","CCW"
"4528795504846924",-17.93,1449978131010,"Matalan","CCW"
"71869266",-4.89,1449938257819,"Transfer from Current Account to Savings","SAW"
"7723109118",4.89,1449965985905,"Transfer from Current Account to Savings","SAW"
"00972013",2.209999999999999,1449982277693,"Transfer from Savings to Current Account","SAD"
"7723109118",-2.209999999999999,1450013540692,"Transfer from Savings to Current Account","SAD"
"7723109118",10.23,1450051630692,"Denise Patterson","CAD"
"7723109118",-16.78,1450039051237,"Lidl","CAW"
"00972013",-0.22,1450031491474,"Transfer from Current Account to Savings","SAW"
"7723109118",0.22,1450085655031,"Transfer from Current Account to Savings","SAW"
"7723109118",-3.48,1450179558031,"NBS Personal Loan","D/D"
"7723109118",-480,1450137685658,"Rent","D/D"
"4899369886039161",-7.81,1450186763835,"Cancer Research","CCW"
"4528795504846924",-10.29,1450170495479,"Arriva Wales","CCW"
"7723109118",4.32,1450232460273,"Lori Alexander","CAD"
"7723109118",0.33,1450225319634,"Brenda Ward","CAD"
"71869266",-15.64,1450282674490,"Transfer from Current Account to Savings","SAW"
"7723109118",15.64,1450326376839,"Transfer from Current Account to Savings","SAW"
"7723109118",1.82,1450504242596,"Lori Alexander","CAD"
"00972013",-1.989999999999999,1450467196500,"Transfer from Current Account to Savings","SAW"
"7723109118",1.989999999999999,1450469987997,"Transfer from Current Account to Savings","SAW"
"71869266",-3.87,1450570464115,"Transfer from Current Account to Savings","SAW"
"7723109118",3.87,1450619419114,"Transfer from Current Account to Savings","SAW"
"00972013",0,1450573438588,"Transfer from Current Account to Savings","SAW"
"7723109118",0,1450600288278,"Transfer from Current Account to Savings","SAW"
"4528795504846924",-0.37,1450659764011,"RSPCA","CCW"
"71869266",-2.31,1450706741014,"Transfer from Current Account to Savings","SAW"
"7723109118",2.31,1450655925811,"Transfer from Current Account to Savings","SAW"
"7723109118",2.18,1450753288684,"Alan Scott","CAD"
"00972013",0,1450743289741,"Transfer from Current Account to Savings","SAW"
"7723109118",0,1450749021175,"Transfer from Current Account to Savings","SAW"
"7723109118",3.95,1450828454638,"Lori Alexander","CAD"
"71869266",-6.4,1450820635968,"Transfer from Current Account to Savings","SAW"
"7723109118",6.4,1450824488110,"Transfer from Current Account to Savings","SAW"
"00972013",0,1450861480238,"Transfer from Current Account to Savings","SAW"
"7723109118",0,1450814057125,"Transfer from Current Account to Savings","SAW"
"7723109118",-30.21,1450910672253,"Three Mobile","D/D"
"7723109118",-0.13,1450927585664,"Virgin Media","D/D"
"4899369886039161",-35.64,1451021538318,"Sports Direct","CCW"
"7723109118",1600,1451077490749,"Salary BACS Payment","BAC"
"7723109118",17.25,1451096850556,"Denise Patterson","CAD"
"7723109118",-0.01,1451112451334,"WWF","CAW"
"7723109118",-3.64,1451072835184,"WWF","CAW"
"7723109118",-31.46,1451112418875,"Subway","CAW"
"7723109118",-22.27,1451095426598,"Groupon","CAW"
"7723109118",-6.09,1451089352949,"Payment received thank you","CCD"
"4528795504846924",6.09,1451094775155,"Payment received thank you","CCD"
"4528795504846924",-0.01,1451069022939,"Arriva Wales","CCW"
"7723109118",-23.22,1451226629516,"Lush","CAW"
"7723109118",-0.01,1451200795915,"Spotify","CAW"
"7723109118",10.8,1451211916944,"Interest","CAD"
"7723109118",-4.93,1451176378612,"American Express","CAW"
"7723109118",-11.62,1451165923651,"Matalan","CAW"
"7723109118",4.74,1451260836013,"Lori Alexander","CAD"
"7723109118",-3.73,1451302084395,"National Express","CAW"
"7723109118",-4.35,1451234237011,"Save the Children","CAW"
"7723109118",-2.47,1451257303206,"Wonga","CAW"
"7723109118",-0.01,1451309240926,"RSPCA","CAW"
"7723109118",-169.87,1451296978929,"Payment received thank you","CCD"
"4899369886039161",169.87,1451288315885,"Payment received thank you","CCD"
"7723109118",-40.68,1451263905769,"Payment received thank you","CCD"
"4899369886039161",40.68,1451265581045,"Payment received thank you","CCD"
"7723109118",-109.15,1451236578332,"Payment received thank you","CCD"
"4528795504846924",109.15,1451241728084,"Payment received thank you","CCD"
"7723109118",-272.89,1451303556924,"Payment received thank you","CCD"
"4528795504846924",272.89,1451287326124,"Payment received thank you","CCD"
"4528795504846924",-11.9,1451314903609,"Groupon","CCW"
"4528795504846924",-4.37,1451253834706,"Wonga","CCW"
"71869266",-24.85,1451301318132,"Transfer from Current Account to Savings","SAW"
"7723109118",24.85,1451316133420,"Transfer from Current Account to Savings","SAW"
"7723109118",-14.18,1451350677951,"Barclaycard","CAW"
"7723109118",-3.5,1451338539097,"WWF","CAW"
"4899369886039161",-0.01,1451342490092,"National Express","CCW"
"7723109118",-18.59,1451411892563,"Subway","CAW"
"4899369886039161",-22.04,1451473738484,"Lush","CCW"
"7723109118",-18.46,1451447412721,"Payment received thank you","CCD"
"4899369886039161",18.46,1451411213340,"Payment received thank you","CCD"
"4528795504846924",-9.15,1451474369978,"Groupon","CCW"
"4528795504846924",-0.01,1451461757257,"MegaBus","CCW"
"4528795504846924",-12.15,1451446558330,"Spotify","CCW"
"4528795504846924",-4.39,1451414899151,"Cancer Research","CCW"
"7723109118",-5.25,1451518999429,"National Express","CAW"
"4899369886039161",-6.25,1451521033236,"Lush","CCW"
"7723109118",-43.25,1451530680876,"Payment received thank you","CCD"
"4899369886039161",43.25,1451495699394,"Payment received thank you","CCD"
"4899369886039161",-11.69,1451495226282,"Sports Direct","CCW"
"4899369886039161",-9.3,1451575803543,"Wonga","CCW"
"4899369886039161",-14,1451536579916,"Subway","CCW"
"7723109118",-123,1451564921787,"Payment received thank you","CCD"
"4528795504846924",123,1451512270228,"Payment received thank you","CCD"
"7723109118",-66.43,1451507084085,"Payment received thank you","CCD"
"4528795504846924",66.43,1451510124896,"Payment received thank you","CCD"
"4528795504846924",-17.16,1451572502806,"Odeon Cinemas","CCW"
"71869266",-1.32,1451570911556,"Transfer from Current Account to Savings","SAW"
"7723109118",1.32,1451529858486,"Transfer from Current Account to Savings","SAW"
"00972013",0,1451498099329,"Transfer from Current Account to Savings","SAW"
"7723109118",0,1451515215030,"Transfer from Current Account to Savings","SAW"
"7723109118",-0.97,1451596894093,"Matalan","CAW"
"71869266",4.84,1451583910960,"Transfer from Savings to Current Account","SAD"
"7723109118",-4.84,1451581110370,"Transfer from Savings to Current Account","SAD"
"4528795504846924",-2.06,1451687037252,"Arriva Wales","CCW"
"4528795504846924",-16.73,1451669316943,"Primark","CCW"
"4528795504846924",-25.39,1451666342392,"Spotify","CCW"
"4528795504846924",-5.8,1451703980520,"National Express","CCW"
"4528795504846924",-10.06,1451672660816,"Spotify","CCW"
"4528795504846924",-2.95,1451708000866,"Cancer Research","CCW"
"4899369886039161",-20.97,1451764417732,"McColls","CCW"
"4528795504846924",-13.42,1451830153484,"Spotify","CCW"
"4528795504846924",-21.49,1451780555892,"Lidl","CCW"
"4899369886039161",-29.28,1451837324406,"Odeon Cinemas","CCW"
"4899369886039161",-3.59,1451913278837,"Primark","CCW"
"4899369886039161",-4.03,1451839773380,"Barclaycard","CCW"
"4899369886039161",-0.01,1451892805106,"RSPCA","CCW"
"4899369886039161",-14.83,1451861532280,"Lush","CCW"
"4528795504846924",-0.01,1451850754379,"American Express","CCW"
"4899369886039161",-9.75,1451943570765,"Hitachi Personal Finance","CCW"
"4899369886039161",-13.26,1451994434588,"McColls","CCW"
"4528795504846924",-4.69,1451932687609,"Lush","CCW"
"4528795504846924",-8.04,1451946555547,"Matalan","CCW"
"4899369886039161",-1.7,1452064799456,"Oxfam","CCW"
"00972013",0,1452057726630,"Transfer from Current Account to Savings","SAW"
"7723109118",0,1452050757518,"Transfer from Current Account to Savings","SAW"
"4899369886039161",-3.25,1452145232132,"Sports Direct","CCW"
"4528795504846924",-16.4,1452137627601,"Primark","CCW"
"71869266",-17.96,1452180361208,"Transfer from Current Account to Savings","SAW"
"7723109118",17.96,1452108716674,"Transfer from Current Account to Savings","SAW"
"7723109118",-23.69,1452232800746,"Odeon Cinemas","CAW"
"00972013",0,1452243149135,"Transfer from Current Account to Savings","SAW"
"7723109118",0,1452243999009,"Transfer from Current Account to Savings","SAW"
"7723109118",-14.04,1452269027131,"Odeon Cinemas","CAW"
"7723109118",-8.85,1452278780325,"Save the Children","CAW"
"4528795504846924",-5.97,1452303901660,"Save the Children","CCW"
"7723109118",1.32,1452460304014,"Nicole Bailey","CAD"
"4899369886039161",-10.65,1452451839790,"RSPCA","CCW"
"4528795504846924",-9.25,1452441190554,"National Express","CCW"
"7723109118",-5.53,1452583560767,"Churchill Insurance","D/D"
"4899369886039161",-29.83,1452567471012,"Odeon Cinemas","CCW"
"4528795504846924",-20.41,1452560058571,"Supercuts","CCW"
"7723109118",-3.48,1452835196014,"NBS Personal Loan","D/D"
"7723109118",-480,1452845641817,"Rent","D/D"
"4528795504846924",-12.69,1452806604938,"American Express","CCW"
"71869266",-3.82,1452826446346,"Transfer from Current Account to Savings","SAW"
"7723109118",3.82,1452833713489,"Transfer from Current Account to Savings","SAW"
"00972013",0,1452810887131,"Transfer from Current Account to Savings","SAW"
"7723109118",0,1452844640823,"Transfer from Current Account to Savings","SAW"
"7723109118",12.59,1452957671874,"Nicole Bailey","CAD"
"7723109118",3.85,1452928480869,"Lori Alexander","CAD"
"71869266",-26.09,1452956345240,"Transfer from Current Account to Savings","SAW"
"7723109118",26.09,1452887905732,"Transfer from Current Account to Savings","SAW"
"4528795504846924",-3.01,1452969699918,"Odeon Cinemas","CCW"
"4528795504846924",-9.93,1453027817947,"Wonga","CCW"
"4528795504846924",-0.82,1452965106051,"Primark","CCW"
"71869266",-12.88,1453001942463,"Transfer from Current Account to Savings","SAW"
"7723109118",12.88,1453009107911,"Transfer from Current Account to Savings","SAW"
"7723109118",10,1453211668483,"Lori Alexander","CAD"
"7723109118",3.05,1453210595508,"Alan Scott","CAD"
"4528795504846924",-7.06,1453229637170,"Lidl","CCW"
"4528795504846924",-21.59,1453245772632,"Matalan","CCW"
"71869266",-0.63,1453368217306,"Transfer from Current Account to Savings","SAW"
"7723109118",0.63,1453314711866,"Transfer from Current Account to Savings","SAW"
"00972013",0,1453343658407,"Transfer from Current Account to Savings","SAW"
"7723109118",0,1453388052839,"Transfer from Current Account to Savings","SAW"
"7723109118",1.84,1453467690467,"Brenda Ward","CAD"
"4528795504846924",-12.25,1453422986677,"Barclaycard","CCW"
"4528795504846924",-0.01,1453423321531,"American Express","CCW"
"4528795504846924",-10.96,1453427375426,"Supercuts","CCW"
"4528795504846924",-2.92,1453394684406,"Oxfam","CCW"
"4528795504846924",-12.38,1453556268745,"Subway","CCW"
"4528795504846924",-0.01,1453481543620,"National Express","CCW"
"7723109118",-30.21,1453615603595,"Three Mobile","D/D"
"7723109118",-0.13,1453637345199,"Virgin Media","D/D"
"4528795504846924",-23.94,1453672502621,"Lush","CCW"
"4528795504846924",-8.36,1453730161002,"Hitachi Personal Finance","CCW"
"7723109118",1600,1453764899059,"Salary BACS Payment","BAC"
"7723109118",-3.7,1453817523094,"American Express","CAW"
"7723109118",-4.06,1453812506418,"National Express","CAW"
"7723109118",-10.57,1453761459137,"RSPCA","CAW"
"7723109118",-5.51,1453788873236,"RSPCA","CAW"
"7723109118",-274.06,1453765689964,"Payment received thank you","CCD"
"4528795504846924",274.06,1453757465884,"Payment received thank you","CCD"
"4528795504846924",-0.01,1453801795976,"Oxfam","CCW"
"7723109118",-31.32,1453864081126,"Matalan","CAW"
"7723109118",-10.28,1453843058376,"Lidl","CAW"
"7723109118",-6.44,1453890468248,"Shelter","CAW"
"7723109118",-7.82,1453823008866,"Payment received thank you","CCD"
"4528795504846924",7.82,1453823943714,"Payment received thank you","CCD"
"7723109118",-33.06,1453914834240,"McColls","CAW"
"7723109118",-25.42,1453937273048,"McColls","CAW"
"7723109118",-10.66,1453957660316,"McColls","CAW"
"7723109118",1.03,1453913537979,"Brenda Ward","CAD"
"4899369886039161",-8.23,1453919300222,"Oxfam","CCW"
"7723109118",-12.23,1453974799797,"Payment received thank you","CCD"
"4899369886039161",12.23,1453974749904,"Payment received thank you","CCD"
"7723109118",-97.7,1453924877369,"Payment received thank you","CCD"
"4899369886039161",97.7,1453948671692,"Payment received thank you","CCD"
"7723109118",-0.01,1454060645132,"Lush","CAW"
"7723109118",-7.4,1454074650951,"Superdrug","CAW"
"4899369886039161",-18.2,1454031821525,"Subway","CCW"
"4899369886039161",-0.01,1454056281258,"National Express","CCW"
"00972013",0,1454051676771,"Transfer from Current Account to Savings","SAW"
"7723109118",0,1454020704401,"Transfer from Current Account to Savings","SAW"
"4899369886039161",-6.38,1454120375870,"MegaBus","CCW"
"00972013",0,1454149687202,"Transfer from Current Account to Savings","SAW"
"7723109118",0,1454152096312,"Transfer from Current Account to Savings","SAW"
"00972013",0,1454166528423,"Transfer from Current Account to Savings","SAW"
"7723109118",0,1454148002659,"Transfer from Current Account to Savings","SAW"
"4899369886039161",-15.51,1454249202874,"Primark","CCW"
"4899369886039161",-0.01,1454222171533,"Spotify","CCW"
"4899369886039161",-23.28,1454243492978,"Odeon Cinemas","CCW"
"7723109118",9.04,1454293486191,"Denise Patterson","CAD"
"4899369886039161",-8.73,1454281806508,"Save the Children","CCW"
"4899369886039161",-6.26,1454293000124,"MegaBus","CCW"
"4528795504846924",-2.89,1454281692799,"Superdrug","CCW"
"7723109118",-16.55,1454398505151,"Bodyshop","CAW"
"7723109118",-18.18,1454377532446,"Supercuts","CAW"
"7723109118",-6.48,1454356574375,"Arriva Wales","CAW"
"7723109118",-27.14,1454393941104,"Matalan","CAW"
"4899369886039161",-3.98,1454395793217,"National Express","CCW"
"4528795504846924",-14.27,1454395177027,"Primark","CCW"
"4528795504846924",-7.38,1454379957748,"Barclaycard","CCW"
"7723109118",-10.19,1454411602941,"Payment received thank you","CCD"
"4528795504846924",10.19,1454353040062,"Payment received thank you","CCD"
"4528795504846924",-16.95,1454433393447,"Subway","CCW"
"7723109118",-26.72,1454514053533,"McColls","CAW"
"7723109118",-0.01,1454584149697,"Lidl","CAW"
"4899369886039161",-0.01,1454595532409,"Lidl","CCW"
"7723109118",-43.13,1454518415463,"Payment received thank you","CCD"
"4899369886039161",43.13,1454594510540,"Payment received thank you","CCD"
"71869266",-5.37,1454537858694,"Transfer from Current Account to Savings","SAW"
"7723109118",5.37,1454582671333,"Transfer from Current Account to Savings","SAW"
"7723109118",-23.17,1454628911708,"Lush","CAW"
"4899369886039161",-17.83,1454678795520,"Primark","CCW"
"4899369886039161",-7.28,1454679051111,"Arriva Wales","CCW"
"4528795504846924",-0.01,1454639593025,"Arriva Wales","CCW"
"7723109118",-4.36,1454771344018,"Arriva Wales","CAW"
"7723109118",-13.27,1454700639138,"National Express","CAW"
"7723109118",0.05,1454699497287,"Lori Alexander","CAD"
"00972013",0,1454744588372,"Transfer from Current Account to Savings","SAW"
"7723109118",0,1454748298385,"Transfer from Current Account to Savings","SAW"
"7723109118",-6.01,1454835788518,"Lidl","CAW"
"7723109118",-112.61,1454807865968,"Payment received thank you","CCD"
"4899369886039161",112.61,1454806739028,"Payment received thank you","CCD"
"4899369886039161",-13.63,1454851956470,"Sports Direct","CCW"
"7723109118",-31.52,1454796086097,"Payment received thank you","CCD"
"4899369886039161",31.52,1454806374249,"Payment received thank you","CCD"
"4528795504846924",-13.17,1454789339258,"WWF","CCW"
"7723109118",-5.29,1454823451067,"Payment received thank you","CCD"
"4528795504846924",5.29,1454838092617,"Payment received thank you","CCD"
"4528795504846924",-4.08,1454789440563,"American Express","CCW"
"4528795504846924",-8.59,1454791608712,"American Express","CCW"
"7723109118",-9.67,1454863940269,"National Express","CAW"
"7723109118",-5.8,1454926798691,"Save the Children","CAW"
"7723109118",-1.91,1454929476344,"Shelter","CAW"
"7723109118",-3.43,1454917268115,"RSPCA","CAW"
"7723109118",-18.75,1455025668013,"Primark","CAW"
"4899369886039161",-24.9,1454977655519,"Matalan","CCW"
"00972013",0,1455022426110,"Transfer from Current Account to Savings","SAW"
"7723109118",0,1455002318977,"Transfer from Current Account to Savings","SAW"
"7723109118",-30.93,1455113073394,"Payment received thank you","CCD"
"4899369886039161",30.93,1455109749265,"Payment received thank you","CCD"
"4899369886039161",-4.31,1455047425408,"Arriva Wales","CCW"
"4899369886039161",-2.45,1455062450518,"Shelter","CCW"
"4899369886039161",-0.01,1455101780551,"Cancer Research","CCW"
"71869266",-31.95,1455088549453,"Transfer from Current Account to Savings","SAW"
"7723109118",31.95,1455084825656,"Transfer from Current Account to Savings","SAW"
"00972013",0,1455051748636,"Transfer from Current Account to Savings","SAW"
"7723109118",0,1455079806091,"Transfer from Current Account to Savings","SAW"
"7723109118",-0.45,1455186038208,"Save the Children","CAW"
"7723109118",-20.98,1455147134291,"Supercuts","CAW"
"7723109118",-9.18,1455175401545,"WWF","CAW"
"7723109118",-9.99,1455151635980,"Save the Children","CAW"
"7723109118",-17.64,1455186220591,"Supercuts","CAW"
"7723109118",-15.04,1455123735945,"Sports Direct","CAW"
"7723109118",-2.13,1455169711869,"Payment received thank you","CCD"
"4899369886039161",2.13,1455139281855,"Payment received thank you","CCD"
"4899369886039161",-22.41,1455201038729,"Sports Direct","CCW"
"4899369886039161",-29.19,1455153477524,"Primark","CCW"
"4899369886039161",-24.54,1455159568778,"Subway","CCW"
"4899369886039161",-10.59,1455130658874,"Lush","CCW"
"4899369886039161",-8.01,1455179075980,"Save the Children","CCW"
"7723109118",-5.53,1455290500859,"Churchill Insurance","D/D"
"00972013",0,1455243973480,"Transfer from Current Account to Savings","SAW"
"7723109118",0,1455225477375,"Transfer from Current Account to Savings","SAW"
"4899369886039161",-3.96,1455335201757,"MegaBus","CCW"
"00972013",0,1455377485826,"Transfer from Current Account to Savings","SAW"
"7723109118",0,1455294412883,"Transfer from Current Account to Savings","SAW"
"7723109118",-17.14,1455446241442,"Matalan","CAW"
"7723109118",-0.01,1455395533199,"Cancer Research","CAW"
"4899369886039161",-10.3,1455393855843,"American Express","CCW"
"4528795504846924",-1.34,1455395338541,"Shelter","CCW"
"4528795504846924",-10.48,1455444139538,"American Express","CCW"
"7723109118",-3.48,1455538198650,"NBS Personal Loan","D/D"
"7723109118",-480,1455516458646,"Rent","D/D"
"7723109118",2.69,1455534097850,"Denise Patterson","CAD"
"4528795504846924",-0.01,1455470655205,"Save the Children","CCW"
"71869266",-6.63,1455471815005,"Transfer from Current Account to Savings","SAW"
"7723109118",6.63,1455504474651,"Transfer from Current Account to Savings","SAW"
"4528795504846924",-4.63,1455592407113,"Supercuts","CCW"
"4528795504846924",-31.12,1455663998510,"Supercuts","CCW"
"71869266",-22.91,1455682926723,"Transfer from Current Account to Savings","SAW"
"7723109118",22.91,1455651074448,"Transfer from Current Account to Savings","SAW"
"4528795504846924",-23.12,1455800008482,"Matalan","CCW"
"4528795504846924",-20.36,1455863324296,"Groupon","CCW"
"4528795504846924",-0.01,1455835084250,"McColls","CCW"
"71869266",-13.8,1455861281828,"Transfer from Current Account to Savings","SAW"
"7723109118",13.8,1455869239705,"Transfer from Current Account to Savings","SAW"
"71869266",-3.15,1455877064604,"Transfer from Current Account to Savings","SAW"
"7723109118",3.15,1455852855071,"Transfer from Current Account to Savings","SAW"
"4528795504846924",-7.33,1455981362118,"National Express","CCW"
"00972013",0,1455942631876,"Transfer from Current Account to Savings","SAW"
"7723109118",0,1455975915249,"Transfer from Current Account to Savings","SAW"
"71869266",-14.26,1456049422922,"Transfer from Current Account to Savings","SAW"
"7723109118",14.26,1456042820418,"Transfer from Current Account to Savings","SAW"
"7723109118",1.43,1456194848480,"Alan Scott","CAD"
"7723109118",-30.21,1456298621409,"Three Mobile","D/D"
"7723109118",-0.13,1456286916335,"Virgin Media","D/D"
"00972013",0,1456290801493,"Transfer from Current Account to Savings","SAW"
"7723109118",0,1456275741835,"Transfer from Current Account to Savings","SAW"
"4899369886039161",-19.52,1456357618402,"National Express","CCW"
"7723109118",1600,1456483081018,"Salary BACS Payment","BAC"
"7723109118",-5.42,1456464252619,"WWF","CAW"
"00972013",0,1456427794499,"Transfer from Current Account to Savings","SAW"
"7723109118",0,1456481287249,"Transfer from Current Account to Savings","SAW"
"7723109118",2.53,1456542150485,"Denise Patterson","CAD"
"7723109118",-7.83,1456555455182,"Supercuts","CAW"
"7723109118",-13.03,1456507669615,"McColls","CAW"
"7723109118",-14.27,1456568973185,"Lidl","CAW"
"7723109118",-5.19,1456513662616,"Save the Children","CAW"
"7723109118",-23.74,1456551932898,"Payment received thank you","CCD"
"4528795504846924",23.74,1456546414591,"Payment received thank you","CCD"
"4528795504846924",-25.64,1456512206887,"McColls","CCW"
"7723109118",-256.47,1456576526688,"Payment received thank you","CCD"
"4528795504846924",256.47,1456575405586,"Payment received thank you","CCD"
"4528795504846924",-24.46,1456577400665,"McColls","CCW"
"7723109118",-11.74,1456654477729,"Groupon","CAW"
"7723109118",-119.25,1456659824328,"Payment received thank you","CCD"
"4528795504846924",119.25,1456637258952,"Payment received thank you","CCD"
"4528795504846924",-12.58,1456659758397,"MegaBus","CCW"
"4528795504846924",-5.81,1456638532492,"Primark","CCW"
"00972013",0,1456718536962,"Transfer from Current Account to Savings","SAW"
"7723109118",0,1456733136585,"Transfer from Current Account to Savings","SAW"
"7723109118",-3.58,1456770617731,"MegaBus","CAW"
"7723109118",-11.55,1456793363517,"Oxfam","CAW"
"4528795504846924",-0.01,1456818786693,"Save the Children","CCW"
"71869266",-15.75,1456809874042,"Transfer from Current Account to Savings","SAW"
"7723109118",15.75,1456813864721,"Transfer from Current Account to Savings","SAW"
"7723109118",-7.92,1456877157973,"Hitachi Personal Finance","CAW"
"4528795504846924",-10.58,1456900939808,"American Express","CCW"
"4528795504846924",-0.01,1456877512829,"WWF","CCW"
"4528795504846924",-11.84,1456854131227,"National Express","CCW"
"7723109118",-18.54,1456987169501,"Superdrug","CAW"
"7723109118",-2.12,1456946183644,"WWF","CAW"
"7723109118",-27.92,1456982500223,"Payment received thank you","CCD"
"4899369886039161",27.92,1456936009424,"Payment received thank you","CCD"
"4899369886039161",-9.24,1456945223603,"Shelter","CCW"
"7723109118",-36.91,1456990797768,"Payment received thank you","CCD"
"4899369886039161",36.91,1456955266858,"Payment received thank you","CCD"
"4528795504846924",-13.03,1456983470010,"Cancer Research","CCW"
"4528795504846924",-3.82,1456972818937,"Hitachi Personal Finance","CCW"
"4528795504846924",-19.11,1456982420656,"Arriva Wales","CCW"
"4528795504846924",-12.08,1456989124673,"Spotify","CCW"
"7723109118",24.76,1457101169727,"Nicole Bailey","CAD"
"7723109118",-26.26,1457023791448,"Payment received thank you","CCD"
"4899369886039161",26.26,1457070091119,"Payment received thank you","CCD"
"7723109118",-18.15,1457181364756,"Odeon Cinemas","CAW"
"71869266",-6.83,1457182799909,"Transfer from Current Account to Savings","SAW"
"7723109118",6.83,1457186438487,"Transfer from Current Account to Savings","SAW"
"7723109118",2.07,1457204631899,"Brenda Ward","CAD"
"4899369886039161",-6.33,1457238312279,"Cancer Research","CCW"
"7723109118",-68.15,1457215352221,"Payment received thank you","CCD"
"4899369886039161",68.15,1457237700810,"Payment received thank you","CCD"
"7723109118",-65.05,1457273190809,"Payment received thank you","CCD"
"4899369886039161",65.05,1457207285391,"Payment received thank you","CCD"
"4899369886039161",-10.23,1457256869346,"Arriva Wales","CCW"
"4899369886039161",-22.68,1457234365833,"Groupon","CCW"
"4899369886039161",-22.22,1457250632133,"Sports Direct","CCW"
"7723109118",-47.31,1457269050751,"Payment received thank you","CCD"
"4899369886039161",47.31,1457238778288,"Payment received thank you","CCD"
"7723109118",-11.24,1457205855610,"Payment received thank you","CCD"
"4528795504846924",11.24,1457227698061,"Payment received thank you","CCD"
"4528795504846924",-9.82,1457272772170,"Oxfam","CCW"
"71869266",-0.73,1457251742718,"Transfer from Current Account to Savings","SAW"
"7723109118",0.73,1457217303015,"Transfer from Current Account to Savings","SAW"
"7723109118",-9.53,1457321714165,"Subway","CAW"
"7723109118",-18.87,1457310285056,"Lush","CAW"
"7723109118",-41.17,1457334351072,"Lidl","CAW"
"7723109118",-2,1457322452687,"Groupon","CAW"
"7723109118",-0.01,1457327762367,"RSPCA","CAW"
"4528795504846924",-3.51,1457310201530,"Save the Children","CCW"
"4528795504846924",-0.01,1457283154062,"Barclaycard","CCW"
"7723109118",-9.82,1457401585510,"Lidl","CAW"
"7723109118",-125.43,1457435570657,"Payment received thank you","CCD"
"4899369886039161",125.43,1457450137435,"Payment received thank you","CCD"
"00972013",0,1457441550699,"Transfer from Current Account to Savings","SAW"
"7723109118",0,1457443883571,"Transfer from Current Account to Savings","SAW"
"4899369886039161",-11.52,1457529142144,"Cancer Research","CCW"
"4899369886039161",-12.91,1457526372431,"Bodyshop","CCW"
"7723109118",-15.34,1457526971202,"Payment received thank you","CCD"
"4528795504846924",15.34,1457483427299,"Payment received thank you","CCD"
"4528795504846924",-10.95,1457485165912,"Wonga","CCW"
"7723109118",-18,1457577478349,"Lush","CAW"
"4899369886039161",-4.09,1457618697548,"Odeon Cinemas","CCW"
"4899369886039161",-0.01,1457546644172,"WWF","CCW"
"7723109118",-5.53,1457738958162,"Churchill Insurance","D/D"
"4528795504846924",-3.08,1457788424564,"Arriva Wales","CCW"
"4899369886039161",-19.95,1457809982794,"Supercuts","CCW"
"4899369886039161",-4.52,1457823351516,"Cancer Research","CCW"
"4528795504846924",-9.21,1457825442550,"Matalan","CCW"
"4528795504846924",-20.23,1457826109398,"Cancer Research","CCW"
"7723109118",0.08,1457932935745,"Interest","CAD"
"4899369886039161",-0.01,1457958855223,"RSPCA","CCW"
"4899369886039161",-5.79,1457966469696,"Shelter","CCW"
"71869266",-9.57,1457933164732,"Transfer from Current Account to Savings","SAW"
"7723109118",9.57,1457965155006,"Transfer from Current Account to Savings","SAW"
"7723109118",-3.48,1458047489579,"NBS Personal Loan","D/D"
"7723109118",-480,1458002968351,"Rent","D/D"
"4899369886039161",-17.81,1458036290400,"Odeon Cinemas","CCW"
"4899369886039161",-15.58,1458023264916,"Superdrug","CCW"
"4899369886039161",-16.64,1458027113518,"Lush","CCW"
"4899369886039161",-8.47,1458021831511,"Subway","CCW"
"7723109118",3.73,1458060745285,"Brenda Ward","CAD"
"4899369886039161",-17.23,1458132019183,"Lush","CCW"
"71869266",-3.11,1458072493972,"Transfer from Current Account to Savings","SAW"
"7723109118",3.11,1458091127397,"Transfer from Current Account to Savings","SAW"
"4899369886039161",-34.43,1458160868985,"Odeon Cinemas","CCW"
"4899369886039161",-0.01,1458204838807,"Bodyshop","CCW"
"00972013",0,1458189215151,"Transfer from Current Account to Savings","SAW"
"7723109118",0,1458150459393,"Transfer from Current Account to Savings","SAW"
"7723109118",0.51,1458421389985,"Alan Scott","CAD"
"7723109118",10.9,1458607914465,"Nicole Bailey","CAD"
"7723109118",4.61,1458663776449,"Lori Alexander","CAD"
"7723109118",-30.21,1458810044914,"Three Mobile","D/D"
"7723109118",-0.13,1458748837688,"Virgin Media","D/D"
"7723109118",0.68,1458792194212,"Alan Scott","CAD"
"71869266",-1.25,1458773530052,"Transfer from Current Account to Savings","SAW"
"7723109118",1.25,1458756364889,"Transfer from Current Account to Savings","SAW"
"00972013",0,1458858689934,"Transfer from Current Account to Savings","SAW"
"7723109118",0,1458853159875,"Transfer from Current Account to Savings","SAW"
"7723109118",1600,1458975404551,"Salary BACS Payment","BAC"
"7723109118",-14.13,1458997073399,"Primark","CAW"
"7723109118",5.35,1458993927371,"Denise Patterson","CAD"
"7723109118",1.43,1458980359671,"Brenda Ward","CAD"
"7723109118",-12.95,1458961192851,"Odeon Cinemas","CAW"
"7723109118",-0.01,1458921321243,"Odeon Cinemas","CAW"
"7723109118",-2.76,1458952430629,"Shelter","CAW"
"4899369886039161",-4.18,1458927500788,"Wonga","CCW"
"7723109118",3.05,1459089125135,"Nicole Bailey","CAD"
"7723109118",-0.01,1459059242363,"Primark","CAW"
"7723109118",5.97,1459117381264,"Lori Alexander","CAD"
"71869266",-1.11,1459171742785,"Transfer from Current Account to Savings","SAW"
"7723109118",1.11,1459177865553,"Transfer from Current Account to Savings","SAW"
"7723109118",-36.75,1459189169707,"McColls","CAW"
"7723109118",-8.12,1459221389998,"Arriva Wales","CAW"
"7723109118",9.18,1459213255004,"Interest","CAD"
"7723109118",-51.63,1459208882531,"Payment received thank you","CCD"
"4899369886039161",51.63,1459196400589,"Payment received thank you","CCD"
"7723109118",-161.33,1459245663228,"Payment received thank you","CCD"
"4528795504846924",161.33,1459203089991,"Payment received thank you","CCD"
"4528795504846924",-7.54,1459247559398,"Primark","CCW"
"4528795504846924",-8.34,1459225173964,"WWF","CCW"
"4528795504846924",-0.01,1459225790381,"Lidl","CCW"
"71869266",-0.01,1459237701028,"Transfer from Current Account to Savings","SAW"
"7723109118",0.01,1459235488006,"Transfer from Current Account to Savings","SAW"
"00972013",0,1459234916743,"Transfer from Current Account to Savings","SAW"
"7723109118",0,1459258260476,"Transfer from Current Account to Savings","SAW"
"7723109118",-0.01,1459285394808,"Subway","CAW"
"7723109118",-2.64,1459303814544,"National Express","CAW"
"7723109118",-17.58,1459315711565,"Spotify","CAW"
"7723109118",-5.52,1459270609356,"Hitachi Personal Finance","CAW"
"4899369886039161",-7.36,1459335852963,"Shelter","CCW"
"7723109118",-295.9,1459276619213,"Payment received thank you","CCD"
"4899369886039161",295.9,1459289599496,"Payment received thank you","CCD"
"7723109118",-2.87,1459359702998,"Oxfam","CAW"
"4899369886039161",-17.99,1459420144646,"Subway","CCW"
"4899369886039161",-37.63,1459399685413,"Odeon Cinemas","CCW"
"4899369886039161",-0.01,1459420430425,"Odeon Cinemas","CCW"
"4899369886039161",-1.52,1459367147984,"National Express","CCW"
"7723109118",-20.84,1459499573899,"McColls","CAW"
"4528795504846924",-14.15,1459455400811,"RSPCA","CCW"
"4528795504846924",-0.18,1459495408100,"Shelter","CCW"
"00972013",0,1459547051984,"Transfer from Current Account to Savings","SAW"
"7723109118",0,1459570781422,"Transfer from Current Account to Savings","SAW"
"7723109118",-0.01,1459642838214,"American Express","CAW"
"4899369886039161",-10.13,1459696874959,"Save the Children","CCW"
"4528795504846924",-11.26,1459669609070,"Sports Direct","CCW"
"4528795504846924",-0.01,1459621962076,"RSPCA","CCW"
"7723109118",-28.4,1459694952991,"Payment received thank you","CCD"
"4528795504846924",28.4,1459679844643,"Payment received thank you","CCD"
"7723109118",-68.76,1459658872704,"Payment received thank you","CCD"
"4528795504846924",68.76,1459633635117,"Payment received thank you","CCD"
"7723109118",0.1,1459771483025,"Alan Scott","CAD"
"4899369886039161",-17.1,1459779129816,"Spotify","CCW"
"7723109118",-2.98,1459792771362,"Shelter","CAW"
"7723109118",-18.2,1459807465347,"Superdrug","CAW"
"4528795504846924",-13.11,1459859153641,"McColls","CCW"
"7723109118",-8.14,1459877767192,"American Express","CAW"
"7723109118",5.63,1459888124750,"Brenda Ward","CAD"
"4899369886039161",-23.45,1459907427438,"Lidl","CCW"
"4528795504846924",-18.18,1459873148541,"McColls","CCW"
"00972013",29.76,1459879801773,"Transfer from Savings to Current Account","SAD"
"7723109118",-29.76,1459896953830,"Transfer from Savings to Current Account","SAD"
"4899369886039161",-22.56,1459998772919,"Sports Direct","CCW"
"7723109118",5.88,1460047343403,"Nicole Bailey","CAD"
"7723109118",-21.58,1460059533804,"Subway","CAW"
"7723109118",-8.18,1460060924227,"American Express","CAW"
"7723109118",-40.78,1460074995932,"Payment received thank you","CCD"
"4899369886039161",40.78,1460104384194,"Payment received thank you","CCD"
"4528795504846924",-18.97,1460084622835,"Lidl","CCW"
"7723109118",-8.79,1460139922337,"Cancer Research","CAW"
"7723109118",-22.75,1460176937282,"Lidl","CAW"
"7723109118",-4.55,1460178421105,"WWF","CAW"
"7723109118",-10.95,1460195505727,"National Express","CAW"
"4899369886039161",-0.5,1460215832126,"Wonga","CCW"
"4899369886039161",-11.25,1460136708985,"MegaBus","CCW"
"00972013",-18.66,1460166687718,"Transfer from Current Account to Savings","SAW"
"7723109118",18.66,1460205109887,"Transfer from Current Account to Savings","SAW"
"4528795504846924",-2.83,1460279156924,"RSPCA","CCW"
"7723109118",-15.91,1460292493765,"Payment received thank you","CCD"
"4528795504846924",15.91,1460266713465,"Payment received thank you","CCD"
"4528795504846924",-0.01,1460265819561,"Arriva Wales","CCW"
"4528795504846924",-7.67,1460245836591,"RSPCA","CCW"
"71869266",-1.94,1460289876978,"Transfer from Current Account to Savings","SAW"
"7723109118",1.94,1460248855690,"Transfer from Current Account to Savings","SAW"
"7723109118",-9.94,1460380818092,"Wonga","CAW"
"7723109118",-25.88,1460346672664,"Groupon","CAW"
"7723109118",-0.01,1460369324480,"Primark","CAW"
"7723109118",-11.14,1460342041754,"Sports Direct","CAW"
"7723109118",-29.63,1460366409104,"Sports Direct","CAW"
"7723109118",-3.55,1460381555450,"Wonga","CAW"
"7723109118",-27.44,1460323789237,"Supercuts","CAW"
"7723109118",-5.53,1460423685345,"Churchill Insurance","D/D"
"7723109118",-5.59,1460421014021,"RSPCA","CAW"
"4899369886039161",-1.61,1460410918484,"RSPCA","CCW"
"4528795504846924",-17.09,1460450126207,"Supercuts","CCW"
"71869266",-8.75,1460422282213,"Transfer from Current Account to Savings","SAW"
"7723109118",8.75,1460411872616,"Transfer from Current Account to Savings","SAW"
"7723109118",-0.53,1460511252172,"Barclaycard","CAW"
"7723109118",-24.96,1460548130324,"Lidl","CAW"
"7723109118",13.12,1460479329825,"Denise Patterson","CAD"
"7723109118",-3.48,1460491546690,"Supercuts","CAW"
"4899369886039161",-2.74,1460488480923,"Barclaycard","CCW"
"7723109118",-14.78,1460554518781,"Payment received thank you","CCD"
"4528795504846924",14.78,1460512262207,"Payment received thank you","CCD"
"4528795504846924",-8.81,1460522419221,"Cancer Research","CCW"
"71869266",-3.95,1460480114142,"Transfer from Current Account to Savings","SAW"
"7723109118",3.95,1460493153060,"Transfer from Current Account to Savings","SAW"
"00972013",-6.62,1460511366059,"Transfer from Current Account to Savings","SAW"
"7723109118",6.62,1460533865385,"Transfer from Current Account to Savings","SAW"
"7723109118",-21.03,1460587777874,"Primark","CAW"
"7723109118",1.32,1460589599026,"Denise Patterson","CAD"
"7723109118",-21.14,1460621462952,"Supercuts","CAW"
"4899369886039161",-0.01,1460599886284,"WWF","CCW"
"4899369886039161",-8.38,1460620568287,"Cancer Research","CCW"
"7723109118",-3.48,1460726072562,"NBS Personal Loan","D/D"
"7723109118",-480,1460668385553,"Rent","D/D"
"4528795504846924",-4.94,1460705749627,"Superdrug","CCW"
"4899369886039161",-10.89,1460751999626,"Wonga","CCW"
"4899369886039161",-0.72,1460785270958,"American Express","CCW"
"4899369886039161",-0.01,1460844599477,"Arriva Wales","CCW"
"4899369886039161",-27.39,1460840840830,"Lush","CCW"
"4899369886039161",-22.7,1460899533202,"Odeon Cinemas","CCW"
"4899369886039161",-22.52,1460848008230,"Matalan","CCW"
"4899369886039161",-14.45,1460824290058,"Supercuts","CCW"
"4899369886039161",-34.5,1460897201878,"Groupon","CCW"
"4899369886039161",-8.54,1460844992308,"American Express","CCW"
"4899369886039161",-3.58,1460837927772,"National Express","CCW"
"4899369886039161",-12.54,1460922225035,"Matalan","CCW"
"4899369886039161",-6.96,1461024750230,"Hitachi Personal Finance","CCW"
"7723109118",16.23,1461110030046,"Brenda Ward","CAD"
"71869266",-0.83,1461135828721,"Transfer from Current Account to Savings","SAW"
"7723109118",0.83,1461088821401,"Transfer from Current Account to Savings","SAW"
"00972013",-0.27,1461192156870,"Transfer from Current Account to Savings","SAW"
"7723109118",0.27,1461235931734,"Transfer from Current Account to Savings","SAW"
"7723109118",0.28,1461264694047,"Alan Scott","CAD"
"7723109118",0.67,1461289076720,"Nicole Bailey","CAD"
"4899369886039161",-10.68,1461287283560,"McColls","CCW"
"7723109118",3.91,1461353495767,"Nicole Bailey","CAD"
"4899369886039161",-5.45,1461418489756,"Shelter","CCW"
"00972013",-4.210000000000001,1461416099024,"Transfer from Current Account to Savings","SAW"
"7723109118",4.210000000000001,1461412683690,"Transfer from Current Account to Savings","SAW"
"7723109118",-30.21,1461432887179,"Three Mobile","D/D"
"7723109118",-0.13,1461426711080,"Virgin Media","D/D"
"7723109118",0.61,1461447604254,"Interest","CAD"
"7723109118",8.47,1461466672271,"Interest","CAD"
"7723109118",1600,1461626903022,"Salary BACS Payment","BAC"
"7723109118",-6.28,1461624349288,"Cancer Research","CAW"
"7723109118",-5.47,1461608213701,"Wonga","CAW"
"7723109118",-0.01,1461682141241,"McColls","CAW"
"7723109118",-3.25,1461645742177,"Save the Children","CAW"
"7723109118",-0.01,1461618850460,"Groupon","CAW"
"7723109118",-13.88,1461600497497,"Barclaycard","CAW"
"7723109118",1.6,1461677859017,"Brenda Ward","CAD"
"7723109118",-4.88,1461599888970,"Primark","CAW"
"7723109118",-7.83,1461745832379,"Arriva Wales","CAW"
"7723109118",3.58,1461693869930,"Nicole Bailey","CAD"
"7723109118",-13.65,1461686256652,"Lush","CAW"
"4899369886039161",-0.53,1461760332911,"Shelter","CCW"
"00972013",0,1461768495778,"Transfer from Current Account to Savings","SAW"
"7723109118",0,1461753350777,"Transfer from Current Account to Savings","SAW"
"7723109118",-6.32,1461795713253,"Hitachi Personal Finance","CAW"
"7723109118",-34.44,1461830755954,"Primark","CAW"
"7723109118",-0.01,1461866720394,"Spotify","CAW"
"7723109118",-4.79,1461919331302,"Cancer Research","CAW"
"7723109118",-6.88,1461900714094,"RSPCA","CAW"
"7723109118",-67.72,1461878139148,"Payment received thank you","CCD"
"4528795504846924",67.72,1461889671920,"Payment received thank you","CCD"
"7723109118",-0.01,1461949772190,"Wonga","CAW"
"7723109118",-4.77,1462013555894,"WWF","CAW"
"4528795504846924",-9.45,1462007978922,"Subway","CCW"
"7723109118",-147.43,1461995179943,"Payment received thank you","CCD"
"4528795504846924",147.43,1462026258524,"Payment received thank you","CCD"
"4528795504846924",-22.34,1461959996859,"Spotify","CCW"
"4528795504846924",-2.7,1462013935375,"Oxfam","CCW"
"4528795504846924",-3.94,1461980501901,"Subway","CCW"
"4528795504846924",-0.01,1462027152408,"MegaBus","CCW"
"7723109118",-17.02,1462034353726,"Primark","CAW"
"7723109118",-0.01,1462085315818,"Sports Direct","CAW"
"7723109118",-7.74,1462105486894,"Spotify","CAW"
"7723109118",-5.5,1462077519470,"MegaBus","CAW"
"7723109118",-4.31,1462071097405,"Lush","CAW"
"7723109118",2.32,1462031287398,"Nicole Bailey","CAD"
"4528795504846924",-22.71,1462080931616,"Sports Direct","CCW"
"4528795504846924",-9.8,1462067895183,"McColls","CCW"
"7723109118",-90.23,1462112141034,"Payment received thank you","CCD"
"4528795504846924",90.23,1462075633161,"Payment received thank you","CCD"
"4528795504846924",-11.05,1462064817473,"RSPCA","CCW"
"7723109118",-9.36,1462154773147,"Odeon Cinemas","CAW"
"7723109118",-19.98,1462196496374,"Groupon","CAW"
"7723109118",-9.05,1462164258855,"Subway","CAW"
"71869266",-5.44,1462154278426,"Transfer from Current Account to Savings","SAW"
"7723109118",5.44,1462122318238,"Transfer from Current Account to Savings","SAW"
"7723109118",-6.46,1462231395872,"Primark","CAW"
"7723109118",-20.47,1462242147054,"Odeon Cinemas","CAW"
"4528795504846924",-0.03,1462252997149,"American Express","CCW"
"7723109118",-9.23,1462311758414,"MegaBus","CAW"
"7723109118",-13.26,1462341192816,"Spotify","CAW"
"4899369886039161",-15.17,1462443091693,"Spotify","CCW"
"4528795504846924",-0.11,1462460375396,"Oxfam","CCW"
"7723109118",-92.42,1462479658552,"Payment received thank you","CCD"
"4528795504846924",92.42,1462534029929,"Payment received thank you","CCD"
"4528795504846924",-23.35,1462502637505,"Sports Direct","CCW"
"71869266",-3.31,1462472847748,"Transfer from Current Account to Savings","SAW"
"7723109118",3.31,1462511757092,"Transfer from Current Account to Savings","SAW"
"7723109118",7.49,1462609573577,"Lori Alexander","CAD"
"4899369886039161",-0.01,1462587464853,"Wonga","CCW"
"4528795504846924",-13.02,1462553820012,"Supercuts","CCW"
"4528795504846924",-13.43,1462568681122,"Odeon Cinemas","CCW"
"4528795504846924",-22.33,1462602039528,"Lidl","CCW"
"7723109118",-16.7,1462668760943,"Bodyshop","CAW"
"4528795504846924",-10.57,1462684657599,"Lush","CCW"
"7723109118",-10.72,1462794188152,"Cancer Research","CAW"
"7723109118",-13.14,1462775791941,"Hitachi Personal Finance","CAW"
"7723109118",-27.36,1462804287518,"Odeon Cinemas","CAW"
"7723109118",-18.33,1462770440831,"Spotify","CAW"
"7723109118",-25.75,1462737775412,"Superdrug","CAW"
"7723109118",-6.49,1462760829267,"Barclaycard","CAW"
"4528795504846924",-8.79,1462819886454,"Wonga","CCW"
"4528795504846924",-18.43,1462904410461,"Odeon Cinemas","CCW"
"7723109118",-5.53,1463012215485,"Churchill Insurance","D/D"
"7723109118",8.99,1463145960523,"Denise Patterson","CAD"
"4528795504846924",-0.01,1463114858350,"Wonga","CCW"
"4528795504846924",-3.75,1463141457940,"Hitachi Personal Finance","CCW"
"4528795504846924",-20.7,1463076136512,"Subway","CCW"
"7723109118",-5.46,1463200869242,"RSPCA","CAW"
"4528795504846924",-3.32,1463156081327,"Bodyshop","CCW"
"7723109118",-3.48,1463279083201,"NBS Personal Loan","D/D"
"7723109118",-480,1463272438323,"Rent","D/D"
"4528795504846924",-9.42,1463397644106,"American Express","CCW"
"7723109118",6.64,1463483091690,"Lori Alexander","CAD"
"4528795504846924",-6.79,1463681991470,"National Express","CCW"
"4899369886039161",-5.16,1463830873479,"Save the Children","CCW"
"00972013",0,1463865787849,"Transfer from Current Account to Savings","SAW"
"7723109118",0,1463858981885,"Transfer from Current Account to Savings","SAW"
"7723109118",-30.21,1464040011026,"Three Mobile","D/D"
"7723109118",-0.13,1464076355705,"Virgin Media","D/D"
"7723109118",4.02,1464097765442,"Interest","CAD"
"7723109118",1600,1464240063656,"Salary BACS Payment","BAC"
"7723109118",-0.01,1464209863821,"American Express","CAW"
"7723109118",-14.87,1464254372475,"Odeon Cinemas","CAW"
"7723109118",-10.75,1464245418086,"Lidl","CAW"
"7723109118",-8.09,1464209238835,"Subway","CAW"
"7723109118",-11.48,1464254096567,"Subway","CAW"
"7723109118",-0.01,1464232379570,"Shelter","CAW"
"7723109118",-0.01,1464263532875,"Subway","CAW"
"7723109118",0.9,1464194120702,"Denise Patterson","CAD"
"7723109118",-5.67,1464195872739,"Cancer Research","CAW"
"7723109118",-34.03,1464260255971,"Payment received thank you","CCD"
"4528795504846924",34.03,1464192350882,"Payment received thank you","CCD"
"7723109118",-4.43,1464355649334,"Odeon Cinemas","CAW"
"4528795504846924",-8,1464306080476,"Barclaycard","CCW"
"4528795504846924",-21.5,1464277136528,"Supercuts","CCW"
"7723109118",-9.92,1464303738591,"Payment received thank you","CCD"
"4528795504846924",9.92,1464292993307,"Payment received thank you","CCD"
"7723109118",-187.65,1464357517583,"Payment received thank you","CCD"
"4528795504846924",187.65,1464337673005,"Payment received thank you","CCD"
"4528795504846924",-21.89,1464323347968,"Lush","CCW"
"4528795504846924",-19.87,1464305688045,"Lidl","CCW"
"7723109118",-27.17,1464332167288,"Payment received thank you","CCD"
"4528795504846924",27.17,1464286126953,"Payment received thank you","CCD"
"4528795504846924",-0.01,1464307996242,"Barclaycard","CCW"
"7723109118",-8.74,1464400419447,"Oxfam","CAW"
"7723109118",-10.25,1464391776524,"Arriva Wales","CAW"
"7723109118",-0.01,1464447343041,"Shelter","CAW"
"7723109118",-5.6,1464418441045,"Payment received thank you","CCD"
"4528795504846924",5.6,1464411313494,"Payment received thank you","CCD"
"4528795504846924",-7.95,1464401724820,"Shelter","CCW"
"7723109118",-20.6,1464392737811,"Payment received thank you","CCD"
"4528795504846924",20.6,1464378056836,"Payment received thank you","CCD"
"4528795504846924",-7.53,1464367615177,"Wonga","CCW"
"71869266",-6.32,1464381927839,"Transfer from Current Account to Savings","SAW"
"7723109118",6.32,1464374195006,"Transfer from Current Account to Savings","SAW"
"7723109118",-0.01,1464521908339,"Shelter","CAW"
"7723109118",0.55,1464504538716,"Interest","CAD"
"4528795504846924",-2.33,1464478170875,"Arriva Wales","CCW"
"4528795504846924",-20.22,1464509781065,"Sports Direct","CCW"
"4528795504846924",-9.26,1464508417478,"MegaBus","CCW"
"7723109118",-6.17,1464488718390,"Payment received thank you","CCD"
"4528795504846924",6.17,1464458739468,"Payment received thank you","CCD"
"4528795504846924",-9.37,1464619074224,"Groupon","CCW"
"4528795504846924",-11.99,1464573406846,"Shelter","CCW"
"7723109118",-67.93,1464577758236,"Payment received thank you","CCD"
"4528795504846924",67.93,1464556692198,"Payment received thank you","CCD"
"4528795504846924",-0.01,1464605650457,"MegaBus","CCW"
"4528795504846924",-0.01,1464613705457,"WWF","CCW"
"4528795504846924",-6.57,1464564928895,"Hitachi Personal Finance","CCW"
"4528795504846924",-37.72,1464585666111,"Superdrug","CCW"
"7723109118",-7.15,1464634616667,"Wonga","CAW"
"7723109118",-11.05,1464655905405,"Subway","CAW"
"7723109118",2.09,1464772730746,"Alan Scott","CAD"
"7723109118",-2.98,1464718512337,"Subway","CAW"
"7723109118",-0.01,1464710540498,"Save the Children","CAW"
"7723109118",-34.16,1464779509196,"Odeon Cinemas","CAW"
"00972013",0,1464746343980,"Transfer from Current Account to Savings","SAW"
"7723109118",0,1464763546440,"Transfer from Current Account to Savings","SAW"
"7723109118",-71.39,1464943117108,"Payment received thank you","CCD"
"4528795504846924",71.39,1464899129306,"Payment received thank you","CCD"
"7723109118",-28.64,1465031062476,"Bodyshop","CAW"
"7723109118",-0.01,1465048771803,"Wonga","CAW"
"7723109118",-170.65,1465004260324,"Payment received thank you","CCD"
"4528795504846924",170.65,1465002947561,"Payment received thank you","CCD"
"7723109118",-0.57,1465075696668,"Cancer Research","CAW"
"4528795504846924",-0.01,1465078943105,"Hitachi Personal Finance","CCW"
"4528795504846924",-14.63,1465114760910,"Bodyshop","CCW"
"4528795504846924",-0.01,1465124753572,"Oxfam","CCW"
"4528795504846924",-7.39,1465182446118,"Lidl","CCW"
"4528795504846924",-9.67,1465193847880,"Arriva Wales","CCW"
"4528795504846924",-35.31,1465165936512,"Supercuts","CCW"
"7723109118",1.7,1465229900629,"Brenda Ward","CAD"
"7723109118",-0.01,1465241310282,"Shelter","CAW"
"7723109118",-8.42,1465290325413,"Shelter","CAW"
"7723109118",-34.86,1465270707871,"Odeon Cinemas","CAW"
"7723109118",-2.56,1465275315522,"Payment received thank you","CCD"
"4899369886039161",2.56,1465236499934,"Payment received thank you","CCD"
"7723109118",-39,1465306085535,"Payment received thank you","CCD"
"4899369886039161",39,1465294750153,"Payment received thank you","CCD"
"4899369886039161",-8.15,1465290226440,"National Express","CCW"
"4528795504846924",-11.04,1465299442532,"Supercuts","CCW"
"7723109118",-4.03,1465371970025,"WWF","CAW"
"4899369886039161",-4.38,1465354023069,"WWF","CCW"
"4528795504846924",-0.01,1465376656765,"Lush","CCW"
"4528795504846924",-0.01,1465369289324,"Hitachi Personal Finance","CCW"
"4899369886039161",-9.54,1465428645461,"Cancer Research","CCW"
"4899369886039161",-10.38,1465436692108,"Sports Direct","CCW"
"4528795504846924",-5.27,1465468291439,"National Express","CCW"
"4528795504846924",-11.89,1465432025415,"Odeon Cinemas","CCW"
"4528795504846924",-1.24,1465464401024,"Wonga","CCW"
"7723109118",-11.8,1465498375171,"Matalan","CAW"
"7723109118",-26.76,1465538281162,"Bodyshop","CAW"
"4899369886039161",-2.02,1465554628463,"WWF","CCW"
"4528795504846924",-10.52,1465500527288,"Wonga","CCW"
"4528795504846924",-15.55,1465519783282,"National Express","CCW"
"4528795504846924",-1.95,1465572304751,"Shelter","CCW"
"7723109118",-10.62,1465626206151,"Subway","CAW"
"7723109118",-1.14,1465627266667,"Wonga","CAW"
"7723109118",-5.53,1465733783608,"Churchill Insurance","D/D"
"4899369886039161",-6.48,1465810022017,"Shelter","CCW"
"7723109118",-0.01,1465854083473,"Groupon","CAW"
"7723109118",-21.55,1465907976549,"Sports Direct","CAW"
"7723109118",-3.48,1465948381933,"NBS Personal Loan","D/D"
"7723109118",-480,1466004615275,"Rent","D/D"
"4528795504846924",-25,1466143218311,"Odeon Cinemas","CCW"
"7723109118",-30.21,1466775192460,"Three Mobile","D/D"
"7723109118",-0.13,1466768334668,"Virgin Media","D/D"
"4899369886039161",-23.83,1466849634950,"McColls","CCW"
"7723109118",1600,1466893068647,"Salary BACS Payment","BAC"
"7723109118",2.25,1466924581407,"Brenda Ward","CAD"
"7723109118",-0.79,1466902042219,"Spotify","CAW"
"7723109118",-0.56,1466936080869,"Arriva Wales","CAW"
"7723109118",-0.01,1466923480260,"WWF","CAW"
"7723109118",-82.45,1466954472536,"Payment received thank you","CCD"
"4528795504846924",82.45,1466870390238,"Payment received thank you","CCD"
"7723109118",-3.41,1467018403140,"RSPCA","CAW"
"7723109118",-8.99,1466968229809,"Arriva Wales","CAW"
"7723109118",-20.74,1467093169140,"WWF","CAW"
"7723109118",-20.36,1467103191725,"Odeon Cinemas","CAW"
"7723109118",-3.33,1467195103932,"Hitachi Personal Finance","CAW"
"7723109118",-14.64,1467153109852,"Lidl","CAW"
"7723109118",-27.01,1467192322403,"Sports Direct","CAW"
"7723109118",-3.27,1467145354163,"Supercuts","CAW"
"7723109118",3.33,1467152413144,"Lori Alexander","CAD"
"7723109118",-18.22,1467179782806,"McColls","CAW"
"7723109118",-7.42,1467152591599,"Cancer Research","CAW"
"7723109118",-0.73,1467243892606,"Shelter","CAW"
"4528795504846924",-2.94,1467229956563,"Supercuts","CCW"
"7723109118",-3.11,1467379960679,"National Express","CAW"
"7723109118",-2.73,1467324606272,"Shelter","CAW"
"7723109118",-4.32,1467367659462,"Bodyshop","CAW"
"7723109118",-3.21,1467386352224,"RSPCA","CAW"
"7723109118",-1.96,1467317857469,"MegaBus","CAW"
"7723109118",-238.05,1467347942427,"Payment received thank you","CCD"
"4528795504846924",238.05,1467336825676,"Payment received thank you","CCD"
"4528795504846924",-11.34,1467337535840,"Arriva Wales","CCW"
"7723109118",-119.97,1467343299804,"Payment received thank you","CCD"
"4528795504846924",119.97,1467301236972,"Payment received thank you","CCD"
"4528795504846924",-22.26,1467326826377,"Lidl","CCW"
"4528795504846924",-4.77,1467323888568,"National Express","CCW"
"4528795504846924",-6.63,1467373493573,"Oxfam","CCW"
"7723109118",-11.57,1467417765618,"Sports Direct","CAW"
"7723109118",-0.01,1467422217275,"Arriva Wales","CAW"
"7723109118",-0.01,1467539840370,"Oxfam","CAW"
"7723109118",-12.22,1467515515802,"National Express","CAW"
"7723109118",2.92,1467508078532,"Lori Alexander","CAD"
"7723109118",-14.16,1467534931837,"Payment received thank you","CCD"
"4899369886039161",14.16,1467521890661,"Payment received thank you","CCD"
"7723109118",-1.35,1467518430678,"Payment received thank you","CCD"
"4899369886039161",1.35,1467514522976,"Payment received thank you","CCD"
"7723109118",-3.76,1467638603889,"Shelter","CAW"
"7723109118",-23.72,1467607044686,"McColls","CAW"
"7723109118",-24.19,1467608142557,"Odeon Cinemas","CAW"
"7723109118",1.75,1467624255681,"Nicole Bailey","CAD"
"7723109118",-0.01,1467582440769,"Oxfam","CAW"
"7723109118",2.26,1467637784306,"Nicole Bailey","CAD"
"7723109118",-6.36,1467576974331,"Shelter","CAW"
"7723109118",-0.01,1467582240163,"MegaBus","CAW"
"7723109118",2.06,1467627772722,"Brenda Ward","CAD"
"4899369886039161",-6.7,1467600085443,"Shelter","CCW"
"4528795504846924",-0.62,1467570401596,"WWF","CCW"
"7723109118",-1.22,1467719512088,"Hitachi Personal Finance","CAW"
"4528795504846924",-13.04,1467650822775,"Hitachi Personal Finance","CCW"
"4528795504846924",-31.08,1467673402392,"Sports Direct","CCW"
"4528795504846924",-13.28,1467721404701,"Groupon","CCW"
"4528795504846924",-21.31,1467708285780,"Spotify","CCW"
"4528795504846924",-20.45,1467732616309,"Subway","CCW"
"4528795504846924",-0.01,1467773507729,"National Express","CCW"
"4528795504846924",-20.81,1467737754223,"McColls","CCW"
"4528795504846924",-11.37,1467809075506,"Groupon","CCW"
"4528795504846924",-16.59,1467892085201,"McColls","CCW"
"7723109118",4.96,1468015396481,"Interest","CAD"
"4528795504846924",-0.01,1468101470761,"American Express","CCW"
"4528795504846924",-2.18,1468088883542,"Shelter","CCW"
"4528795504846924",-10.79,1468113185190,"Odeon Cinemas","CCW"
"7723109118",-5.53,1468325952919,"Churchill Insurance","D/D"
"4528795504846924",-15.3,1468440961682,"Sports Direct","CCW"
"4528795504846924",-7.36,1468439754051,"Oxfam","CCW"
"7723109118",-3.48,1468553633211,"NBS Personal Loan","D/D"
"7723109118",-480,1468544983203,"Rent","D/D"
"4899369886039161",-0.01,1468620952561,"RSPCA","CCW"
"4528795504846924",-8.23,1468660719276,"Save the Children","CCW"
"4528795504846924",-8.51,1468622505226,"MegaBus","CCW"
"4528795504846924",-19.13,1468664152474,"Odeon Cinemas","CCW"
"4528795504846924",-33.1,1468604084800,"Subway","CCW"
"7723109118",2.73,1468749361561,"Alan Scott","CAD"
"4899369886039161",-3.35,1468750314397,"RSPCA","CCW"
"7723109118",6.19,1469001173724,"Alan Scott","CAD"
"7723109118",-30.21,1469298403158,"Three Mobile","D/D"
"7723109118",-0.13,1469293634467,"Virgin Media","D/D"
"7723109118",1600,1469528473976,"Salary BACS Payment","BAC"
"7723109118",3.04,1469546664142,"Interest","CAD"
"7723109118",-9.15,1469500924343,"WWF","CAW"
"7723109118",-7.71,1469544967213,"Oxfam","CAW"
"7723109118",-8.04,1469539991065,"Matalan","CAW"
"7723109118",9.58,1469516960672,"Brenda Ward","CAD"
"7723109118",10.58,1469509187153,"Nicole Bailey","CAD"
"7723109118",-23.22,1469465383997,"Primark","CAW"
"7723109118",-4.33,1469538772027,"Payment received thank you","CCD"
"4528795504846924",4.33,1469495326064,"Payment received thank you","CCD"
"7723109118",-1.3,1469563653320,"Shelter","CAW"
"7723109118",-1.8,1469591480908,"Cancer Research","CAW"
"7723109118",-0.01,1469570512113,"Wonga","CAW"
"7723109118",-8.35,1469604405923,"Primark","CAW"
"7723109118",7.91,1469570972483,"Brenda Ward","CAD"
"7723109118",-13.8,1469606349194,"Matalan","CAW"
"7723109118",-23.59,1469567109964,"Spotify","CAW"
"7723109118",-0.01,1469610430441,"Primark","CAW"
"7723109118",-9.91,1469602615247,"Bodyshop","CAW"
"7723109118",-192.48,1469584404174,"Payment received thank you","CCD"
"4899369886039161",192.48,1469550629199,"Payment received thank you","CCD"
"7723109118",-27.71,1469718190396,"Superdrug","CAW"
"7723109118",-24.48,1469685857795,"Lush","CAW"
"4899369886039161",-0.01,1469649920354,"Hitachi Personal Finance","CCW"
"7723109118",-29.1,1469716370127,"Payment received thank you","CCD"
"4899369886039161",29.1,1469712238909,"Payment received thank you","CCD"
"4899369886039161",-21.28,1469716599703,"Lush","CCW"
"7723109118",-10.63,1469753810492,"Lush","CAW"
"7723109118",-19.36,1469798483731,"Payment received thank you","CCD"
"4899369886039161",19.36,1469800414351,"Payment received thank you","CCD"
"7723109118",-28.43,1469739241933,"Payment received thank you","CCD"
"4899369886039161",28.43,1469775235271,"Payment received thank you","CCD"
"4899369886039161",-0.01,1469731817101,"Odeon Cinemas","CCW"
"4899369886039161",-0.66,1469745699536,"Cancer Research","CCW"
"7723109118",-77.58,1469734529057,"Payment received thank you","CCD"
"4899369886039161",77.58,1469776143772,"Payment received thank you","CCD"
"7723109118",-40.46,1469804870702,"Payment received thank you","CCD"
"4528795504846924",40.46,1469739103197,"Payment received thank you","CCD"
"7723109118",-4.49,1469829882172,"Oxfam","CAW"
"7723109118",-5.27,1469866759317,"Superdrug","CAW"
"7723109118",-2.65,1469809372404,"Hitachi Personal Finance","CAW"
"7723109118",-2.26,1469857313578,"Bodyshop","CAW"
"4899369886039161",-4.73,1469852674095,"Hitachi Personal Finance","CCW"
"4528795504846924",-22.84,1469843966990,"Bodyshop","CCW"
"7723109118",-61.82,1469848534103,"Payment received thank you","CCD"
"4528795504846924",61.82,1469892629070,"Payment received thank you","CCD"
"7723109118",-23.71,1469925255137,"Bodyshop","CAW"
"7723109118",-13.28,1469978469741,"Subway","CAW"
"7723109118",-6.65,1469924657018,"Save the Children","CAW"
"7723109118",-4.61,1469959937710,"Groupon","CAW"
"4528795504846924",-0.01,1469946265221,"National Express","CCW"
"7723109118",-4.01,1469998412267,"Arriva Wales","CAW"
"7723109118",-20.25,1470025976832,"Spotify","CAW"
"7723109118",0.41,1469979600968,"Lori Alexander","CAD"
"4899369886039161",-5.14,1470005208497,"RSPCA","CCW"
"7723109118",-27.65,1469983297894,"Payment received thank you","CCD"
"4528795504846924",27.65,1470023784094,"Payment received thank you","CCD"
"00972013",0,1470000987595,"Transfer from Current Account to Savings","SAW"
"7723109118",0,1469990276147,"Transfer from Current Account to Savings","SAW"
"4899369886039161",-2.6,1470150652970,"Hitachi Personal Finance","CCW"
"7723109118",-67.6,1470148510942,"Payment received thank you","CCD"
"4899369886039161",67.6,1470082043330,"Payment received thank you","CCD"
"4528795504846924",-14.41,1470092927936,"McColls","CCW"
"4528795504846924",-11.31,1470153603475,"McColls","CCW"
"4528795504846924",-18.03,1470236884819,"Lush","CCW"
"4899369886039161",-10.91,1470277548163,"Wonga","CCW"
"4528795504846924",-3.93,1470250820843,"McColls","CCW"
"71869266",-7.94,1470275128334,"Transfer from Current Account to Savings","SAW"
"7723109118",7.94,1470283127510,"Transfer from Current Account to Savings","SAW"
"7723109118",7.45,1470405424827,"Denise Patterson","CAD"
"4899369886039161",-14.56,1470389578364,"Lidl","CCW"
"4899369886039161",-4.8,1470381295280,"Arriva Wales","CCW"
"7723109118",0.86,1470466258037,"Alan Scott","CAD"
"7723109118",-6.29,1470461290795,"McColls","CAW"
"7723109118",-16.27,1470467535009,"Odeon Cinemas","CAW"
"7723109118",-18.37,1470437025911,"Subway","CAW"
"7723109118",-7.77,1470472407460,"Save the Children","CAW"
"7723109118",0.71,1470490391750,"Interest","CAD"
"7723109118",-23.16,1470416052210,"Supercuts","CAW"
"4899369886039161",-38.95,1470428989948,"Bodyshop","CCW"
"4528795504846924",-8.11,1470495694814,"Cancer Research","CCW"
"00972013",0,1470573154864,"Transfer from Current Account to Savings","SAW"
"7723109118",0,1470554813179,"Transfer from Current Account to Savings","SAW"
"4899369886039161",-0.01,1470659959688,"MegaBus","CCW"
"7723109118",1.68,1470710380962,"Alan Scott","CAD"
"4899369886039161",-0.01,1470685155374,"Barclaycard","CCW"
"4899369886039161",-31.06,1470875470833,"Lush","CCW"
"7723109118",-5.53,1470967445805,"Churchill Insurance","D/D"
"4899369886039161",-0.03,1471087383088,"Arriva Wales","CCW"
"4899369886039161",-9.16,1471180444009,"RSPCA","CCW"
"7723109118",-3.48,1471264401808,"NBS Personal Loan","D/D"
"7723109118",-480,1471246810220,"Rent","D/D"
"4899369886039161",-5.05,1471189793080,"McColls","CCW"
"71869266",-3.51,1471336724414,"Transfer from Current Account to Savings","SAW"
"7723109118",3.51,1471319201462,"Transfer from Current Account to Savings","SAW"
"4899369886039161",-7.03,1471508695667,"Odeon Cinemas","CCW"
"7723109118",13.33,1471861061660,"Denise Patterson","CAD"
"7723109118",-30.21,1472031667088,"Three Mobile","D/D"
"7723109118",-0.13,1472035103229,"Virgin Media","D/D"
"4528795504846924",-0.01,1472045678016,"Save the Children","CCW"
"7723109118",1600,1472208034190,"Salary BACS Payment","BAC"
"7723109118",-10.5,1472213520876,"Hitachi Personal Finance","CAW"
"7723109118",-2.59,1472294582387,"RSPCA","CAW"
"7723109118",-0.01,1472250665910,"Superdrug","CAW"
"7723109118",-22.25,1472254724999,"Groupon","CAW"
"7723109118",0.36,1472349553961,"Lori Alexander","CAD"
"7723109118",-0.01,1472346965758,"American Express","CAW"
"7723109118",-6.88,1472465019081,"American Express","CAW"
"7723109118",-0.54,1472400915046,"Hitachi Personal Finance","CAW"
"7723109118",-16.5,1472471221105,"Payment received thank you","CCD"
"4528795504846924",16.5,1472442656378,"Payment received thank you","CCD"
"7723109118",5.23,1472550194749,"Nicole Bailey","CAD"
"7723109118",-1.38,1472548343820,"RSPCA","CAW"
"7723109118",-26.62,1472490940895,"Supercuts","CAW"
"7723109118",-0.01,1472534219837,"Wonga","CAW"
"7723109118",-1.02,1472535916520,"RSPCA","CAW"
"7723109118",-16.14,1472564443726,"Groupon","CAW"
"7723109118",-14.03,1472535821454,"Subway","CAW"
"7723109118",-8.31,1472494146808,"RSPCA","CAW"
"7723109118",-6,1472509737974,"Shelter","CAW"
"7723109118",-5.24,1472512410143,"Cancer Research","CAW"
"7723109118",-3.89,1472485334542,"Odeon Cinemas","CAW"
"7723109118",-212.55,1472501775878,"Payment received thank you","CCD"
"4899369886039161",212.55,1472504924144,"Payment received thank you","CCD"
"7723109118",-137.83,1472490561607,"Payment received thank you","CCD"
"4528795504846924",137.83,1472543714986,"Payment received thank you","CCD"
"4528795504846924",-9.4,1472562533311,"RSPCA","CCW"
"7723109118",-27.42,1472632425600,"Odeon Cinemas","CAW"
"7723109118",-0.01,1472799519750,"Lush","CAW"
"7723109118",-4.38,1472757402554,"Oxfam","CAW"
"7723109118",-27.32,1472822318840,"Matalan","CAW"
"4899369886039161",-3.45,1472809939831,"Arriva Wales","CCW"
"7723109118",-246.82,1472805327940,"Payment received thank you","CCD"
"4899369886039161",246.82,1472780784868,"Payment received thank you","CCD"
"4899369886039161",-10.24,1472759896698,"McColls","CCW"
"00972013",0,1472774059422,"Transfer from Current Account to Savings","SAW"
"7723109118",0,1472805322358,"Transfer from Current Account to Savings","SAW"
"7723109118",-19.72,1472850118681,"Subway","CAW"
"7723109118",-1.91,1472857650981,"WWF","CAW"
"7723109118",-79.42,1472916383270,"Payment received thank you","CCD"
"4899369886039161",79.42,1472849441933,"Payment received thank you","CCD"
"7723109118",-8.86,1472936329961,"Save the Children","CAW"
"7723109118",-21.08,1473113537938,"McColls","CAW"
"4899369886039161",-26.2,1473143884060,"Sports Direct","CCW"
"4899369886039161",-5.32,1473158505133,"Save the Children","CCW"
"4899369886039161",-0.01,1473167295240,"Cancer Research","CCW"
"4528795504846924",-6.45,1473097776670,"Spotify","CCW"
"4528795504846924",-11.12,1473141600037,"MegaBus","CCW"
"7723109118",16.84,1473185000184,"Alan Scott","CAD"
"7723109118",-8.29,1473256885338,"MegaBus","CAW"
"4899369886039161",-5.23,1473233485898,"National Express","CCW"
"4899369886039161",-13.14,1473255723990,"Lush","CCW"
"4899369886039161",-9.56,1473179681720,"Save the Children","CCW"
"4899369886039161",-2.35,1473257392970,"Lidl","CCW"
"4899369886039161",-4.41,1473256168112,"Sports Direct","CCW"
"4899369886039161",-10.46,1473203822579,"Lush","CCW"
"4899369886039161",-5.7,1473256685236,"WWF","CCW"
"7723109118",-5.86,1473394870861,"Spotify","CAW"
"4528795504846924",-9.84,1473364687232,"Supercuts","CCW"
"4899369886039161",-26.5,1473586675108,"Lush","CCW"
"7723109118",-5.53,1473612168650,"Churchill Insurance","D/D"
"4899369886039161",-0.86,1473638777319,"Cancer Research","CCW"
"4899369886039161",-4.85,1473685803625,"National Express","CCW"
"4528795504846924",-0.01,1473618421605,"Wonga","CCW"
"71869266",-3.66,1473673928791,"Transfer from Current Account to Savings","SAW"
"7723109118",3.66,1473670939666,"Transfer from Current Account to Savings","SAW"
"4899369886039161",-19.79,1473708137968,"Lush","CCW"
"4899369886039161",-9.65,1473709332554,"Oxfam","CCW"
"7723109118",0.15,1473813287535,"Lori Alexander","CAD"
"7723109118",5.16,1473781518862,"Denise Patterson","CAD"
"7723109118",-3.48,1473878475689,"NBS Personal Loan","D/D"
"7723109118",-480,1473881436481,"Rent","D/D"
"7723109118",16.89,1473974998411,"Alan Scott","CAD"
"4899369886039161",-0.73,1473960693541,"MegaBus","CCW"
"4528795504846924",-10.41,1473971981554,"National Express","CCW"
"7723109118",0.74,1474065991456,"Interest","CAD"
"4899369886039161",-29.38,1474201359393,"Superdrug","CCW"
"4899369886039161",-24.38,1474248667815,"Lidl","CCW"
"4899369886039161",-9.23,1474447135124,"Arriva Wales","CCW"
"4899369886039161",-3.91,1474474521604,"Save the Children","CCW"
"4528795504846924",-0.01,1474515403966,"Arriva Wales","CCW"
"7723109118",-30.21,1474714473503,"Three Mobile","D/D"
"7723109118",-0.13,1474682810200,"Virgin Media","D/D"
"4899369886039161",-11.09,1474662981279,"Subway","CCW"
"4899369886039161",-27.11,1474656360965,"Bodyshop","CCW"
"4899369886039161",-10.85,1474756483297,"McColls","CCW"
"7723109118",1600,1474880890100,"Salary BACS Payment","BAC"
"4899369886039161",-6.93,1474895760557,"Sports Direct","CCW"
"4899369886039161",-2.43,1474884270986,"McColls","CCW"
"7723109118",9.96,1474968274764,"Alan Scott","CAD"
"7723109118",-107.36,1474989009660,"Payment received thank you","CCD"
"4899369886039161",107.36,1474938515045,"Payment received thank you","CCD"
"7723109118",-15.18,1475064109297,"Subway","CAW"
"7723109118",-7.38,1475006818017,"Wonga","CAW"
"4899369886039161",-12.8,1475044859528,"WWF","CCW"
"7723109118",-17.56,1475071004200,"Payment received thank you","CCD"
"4528795504846924",17.56,1475058847066,"Payment received thank you","CCD"
"7723109118",-7.37,1475084005204,"Supercuts","CAW"
"7723109118",2.67,1475158427861,"Nicole Bailey","CAD"
"4899369886039161",-7.91,1475094272128,"Shelter","CCW"
"4899369886039161",-10.01,1475100764412,"WWF","CCW"
"4528795504846924",-30.46,1475083935478,"Superdrug","CCW"
"4899369886039161",-12.74,1475172119074,"American Express","CCW"
"4528795504846924",-7.32,1475172181510,"McColls","CCW"
"7723109118",-10.87,1475302286372,"Payment received thank you","CCD"
"4899369886039161",10.87,1475289234861,"Payment received thank you","CCD"
"7723109118",-227.24,1475278000145,"Payment received thank you","CCD"
"4528795504846924",227.24,1475256337433,"Payment received thank you","CCD"
"4899369886039161",-7.07,1475345126183,"RSPCA","CCW"
"7723109118",-0.01,1475469398528,"Oxfam","CAW"
"7723109118",-8.37,1475425116651,"Arriva Wales","CAW"
"4899369886039161",-2.58,1475487795083,"Primark","CCW"
"7723109118",-9.29,1475446383124,"Payment received thank you","CCD"
"4528795504846924",9.29,1475502644584,"Payment received thank you","CCD"
"4899369886039161",-4.34,1475534209041,"Spotify","CCW"
"7723109118",-16.28,1475609077963,"Bodyshop","CAW"
"7723109118",-30.7,1475652724669,"Payment received thank you","CCD"
"4899369886039161",30.7,1475666314788,"Payment received thank you","CCD"
"4899369886039161",-20.47,1475644394164,"Spotify","CCW"
"7723109118",-9.28,1475719391270,"Groupon","CAW"
"4899369886039161",-11.27,1475747919004,"American Express","CCW"
"7723109118",-239.56,1475730842461,"Payment received thank you","CCD"
"4528795504846924",239.56,1475761123081,"Payment received thank you","CCD"
"7723109118",-23.51,1475706333874,"Payment received thank you","CCD"
"4528795504846924",23.51,1475766631150,"Payment received thank you","CCD"
"4528795504846924",-19.6,1475688862344,"Sports Direct","CCW"
"7723109118",-0.14,1475776247227,"Save the Children","CAW"
"7723109118",-0.41,1475786275870,"Subway","CAW"
"7723109118",-11.24,1475821997382,"Payment received thank you","CCD"
"4899369886039161",11.24,1475819985377,"Payment received thank you","CCD"
"4528795504846924",-6.99,1475852808723,"Save the Children","CCW"
"7723109118",-36.63,1475774762669,"Payment received thank you","CCD"
"4528795504846924",36.63,1475840083742,"Payment received thank you","CCD"
"4528795504846924",-3.51,1475794288413,"RSPCA","CCW"
"4528795504846924",-22.79,1475768649514,"Primark","CCW"
"4528795504846924",-39.33,1475794674439,"Primark","CCW"
"7723109118",-173.74,1475931380351,"Payment received thank you","CCD"
"4899369886039161",173.74,1475880725770,"Payment received thank you","CCD"
"7723109118",-58.59,1475895411409,"Payment received thank you","CCD"
"4528795504846924",58.59,1475863720067,"Payment received thank you","CCD"
"4528795504846924",-0.04,1475917733709,"MegaBus","CCW"
"4899369886039161",-3.56,1475997734275,"Odeon Cinemas","CCW"
"4528795504846924",-18.19,1475988710767,"Superdrug","CCW"
"4528795504846924",-24.6,1475998694349,"Lush","CCW"
"4528795504846924",-6.9,1476158752209,"Save the Children","CCW"
"4528795504846924",-0.01,1476130275287,"Bodyshop","CCW"
"7723109118",-5.53,1476201790198,"Churchill Insurance","D/D"
"4899369886039161",-6.5,1476209008008,"Sports Direct","CCW"
"4899369886039161",-20.25,1476277041898,"Lush","CCW"
"4899369886039161",-11.55,1476220227786,"McColls","CCW"
"4528795504846924",-1.06,1476231968260,"Barclaycard","CCW"
"4528795504846924",-20.94,1476309461494,"Bodyshop","CCW"
"4528795504846924",-4,1476421270975,"Cancer Research","CCW"
"4528795504846924",-3.68,1476446340432,"National Express","CCW"
"7723109118",-3.48,1476488580809,"NBS Personal Loan","D/D"
"7723109118",-480,1476518055169,"Rent","D/D"
"4899369886039161",-32.72,1476539911220,"Lush","CCW"
"4528795504846924",-6.9,1476471123668,"Primark","CCW"
"4899369886039161",-2.51,1476627435292,"Arriva Wales","CCW"
"4899369886039161",-29.5,1476554939622,"Sports Direct","CCW"
"4899369886039161",-3.75,1476652454134,"Wonga","CCW"
"4528795504846924",-6.68,1476793579910,"WWF","CCW"
"4899369886039161",-7.49,1476846098286,"Wonga","CCW"
"4899369886039161",-4.04,1476971994451,"Shelter","CCW"
"4528795504846924",-18.28,1476910030555,"Superdrug","CCW"
"4528795504846924",-0.01,1477049971304,"Save the Children","CCW"
"4528795504846924",-4.32,1477107320891,"Bodyshop","CCW"
"7723109118",0.67,1477167194194,"Denise Patterson","CAD"
"4528795504846924",-21.56,1477163665892,"Sports Direct","CCW"
"7723109118",-30.21,1477288027723,"Three Mobile","D/D"
"7723109118",-0.13,1477320820905,"Virgin Media","D/D"
"4528795504846924",-3.79,1477273594706,"Save the Children","CCW"
"4528795504846924",-25.01,1477353885599,"Matalan","CCW"
"4528795504846924",-12.37,1477358832234,"MegaBus","CCW"
"7723109118",1600,1477413042056,"Salary BACS Payment","BAC"
"7723109118",-19.34,1477410625659,"Superdrug","CAW"
"7723109118",0.68,1477452551742,"Nicole Bailey","CAD"
"7723109118",-10.36,1477418963095,"Shelter","CAW"
"7723109118",-5.09,1477459396395,"Barclaycard","CAW"
"4528795504846924",-9.32,1477495105281,"Barclaycard","CCW"
"7723109118",-1.93,1477568479162,"Arriva Wales","CAW"
"7723109118",-3.33,1477574033040,"MegaBus","CAW"
"7723109118",-9.67,1477496876336,"Oxfam","CAW"
"7723109118",-16.67,1477554015008,"Spotify","CAW"
"7723109118",-160.51,1477508476477,"Payment received thank you","CCD"
"4528795504846924",160.51,1477557386693,"Payment received thank you","CCD"
"4528795504846924",-12.25,1477522216622,"Superdrug","CCW"
"7723109118",-8.67,1477613809888,"Oxfam","CAW"
"7723109118",-11.09,1477653205745,"Barclaycard","CAW"
"7723109118",-2.22,1477688960374,"Shelter","CAW"
"7723109118",-0.08,1477686852649,"Spotify","CAW"
"4528795504846924",-0.01,1477677438103,"MegaBus","CCW"
"7723109118",-8.44,1477774920360,"Arriva Wales","CAW"
"7723109118",-18.92,1477778775335,"McColls","CAW"
"7723109118",-5.86,1477790212260,"Lush","CAW"
"4528795504846924",-16.03,1477784853054,"Spotify","CCW"
"4528795504846924",-4.22,1477817445570,"Primark","CCW"
"4528795504846924",-5.63,1477794751579,"Wonga","CCW"
"4528795504846924",-28.75,1477811427535,"Sports Direct","CCW"
"7723109118",-31.25,1477884488455,"Payment received thank you","CCD"
"4899369886039161",31.25,1477889949597,"Payment received thank you","CCD"
"7723109118",-19.23,1477958888359,"Groupon","CAW"
"4528795504846924",-18.02,1478002191517,"Shelter","CCW"
"7723109118",-0.01,1478043667529,"Sports Direct","CAW"
"7723109118",-5.03,1478015277813,"Odeon Cinemas","CAW"
"7723109118",-6.64,1478066744094,"Bodyshop","CAW"
"7723109118",-11.59,1478059253387,"American Express","CAW"
"4528795504846924",-5.38,1478016334352,"Barclaycard","CCW"
"4528795504846924",-1.01,1478025357128,"Barclaycard","CCW"
"7723109118",-0.01,1478151575152,"Arriva Wales","CAW"
"7723109118",-7.44,1478129322067,"American Express","CAW"
"7723109118",-6.54,1478120255097,"Sports Direct","CAW"
"4899369886039161",-0.01,1478180104840,"Odeon Cinemas","CCW"
"7723109118",-2.75,1478262920878,"Shelter","CAW"
"7723109118",-22.94,1478246253705,"Primark","CAW"
"7723109118",-13.34,1478230453954,"Supercuts","CAW"
"7723109118",-11.77,1478233620790,"Barclaycard","CAW"
"7723109118",-35.17,1478242578644,"Payment received thank you","CCD"
"4528795504846924",35.17,1478240103394,"Payment received thank you","CCD"
"7723109118",-3.41,1478350498890,"Payment received thank you","CCD"
"4528795504846924",3.41,1478327642675,"Payment received thank you","CCD"
"7723109118",-0.01,1478417683277,"Hitachi Personal Finance","CAW"
"4899369886039161",-4.84,1478371895707,"Oxfam","CCW"
"4899369886039161",-7,1478390962017,"Cancer Research","CCW"
"4528795504846924",-35.49,1478450646820,"Bodyshop","CCW"
"7723109118",-28.68,1478587009263,"Lidl","CAW"
"4528795504846924",-1.46,1478612919003,"WWF","CCW"
"4528795504846924",-4.96,1478536300753,"Save the Children","CCW"
"7723109118",-93.93,1478609900195,"Payment received thank you","CCD"
"4528795504846924",93.93,1478580582376,"Payment received thank you","CCD"
"7723109118",-23.99,1478790457386,"Odeon Cinemas","CAW"
"4528795504846924",-32.13,1478784931213,"Subway","CCW"
"7723109118",-5.32,1478873368835,"Wonga","CAW"
"7723109118",-7.49,1478795231015,"RSPCA","CAW"
"7723109118",8.05,1478850248189,"Interest","CAD"
"7723109118",-5.53,1478912879836,"Churchill Insurance","D/D"
"7723109118",-9.9,1478960170773,"Arriva Wales","CAW"
"7723109118",-0.5,1478923218950,"Barclaycard","CAW"
"7723109118",-11.65,1478918508671,"Supercuts","CAW"
"4899369886039161",-2.23,1478924026982,"American Express","CCW"
"7723109118",-12.67,1479020791478,"Matalan","CAW"
"7723109118",-35.09,1479018542279,"Bodyshop","CAW"
"7723109118",-8.63,1478992563537,"MegaBus","CAW"
"7723109118",-14.78,1479003710223,"Groupon","CAW"
"7723109118",-24.62,1479007536777,"Sports Direct","CAW"
"7723109118",-14.89,1479028864204,"Subway","CAW"
"4899369886039161",-0.01,1479003501387,"RSPCA","CCW"
"4528795504846924",-6.38,1479025672014,"Save the Children","CCW"
"7723109118",-22.67,1479126120485,"Odeon Cinemas","CAW"
"4528795504846924",-8.72,1479088119769,"Barclaycard","CCW"
"7723109118",-3.48,1479145592591,"NBS Personal Loan","D/D"
"7723109118",-480,1479211393572,"Rent","D/D"
"4528795504846924",-5.37,1479303867021,"WWF","CCW"
"7723109118",5.95,1479343801952,"Nicole Bailey","CAD"
"7723109118",0.1,1479383339598,"Brenda Ward","CAD"
"7723109118",0.8,1479424274475,"Interest","CAD"