"accountNumber","customerAccountNumber","description","name","reference","sortCode"
"94720155","6805794923","Upkeep","Chase Butler","James","06-11-00"
"01187329","6805794923","Plumbing work","Antonio White","Brother","08-08-61"
"01426396","6805794923","Beer money","Carl Steele","Winona","06-08-63"
"52097693","6805794923","Interior building","Jesse Ortega","Steve","08-22-58"
"36720956","6805794923","Payback","Shawn Conner","Steve","06-51-71"
"65054158","6805794923","Electrical checking","Johanna Rodgers","Martin","07-15-82"
"26235427","6805794923","Upkeep","Alexander Garcia","Parents","05-13-63"
"87307882","6805794923","Payback","Julia Vaughn","Sister","06-81-18"
"16957388","6805794923","Interior building","Harvey Jensen","Jerry","06-27-58"
"60440488","6805794923","Electrical checking","David Tran","Jerry","05-27-43"