"account","amount","date","description","type"
"6805794923",-44.56,1447903957116,"Hitachi Personal Finance","CAW"
"6805794923",-16.89,1447930024862,"Save the Children","CAW"
"6805794923",-29.28,1447899097198,"Burtons","CAW"
"6805794923",-25.39,1447887027968,"Dorothy Perkins","CAW"
"4273864442133283",-3.04,1447863809382,"National Rail","CCW"
"4273864442133283",-11.1,1447924481783,"Shelter","CCW"
"89716826",-25.18,1447862829711,"Transfer from Current Account to Savings","SAW"
"6805794923",25.18,1447895101306,"Transfer from Current Account to Savings","SAW"
"6805794923",-12.29,1447992128427,"Shelter","CAW"
"4273864442133283",-19.91,1447967040474,"RSPCA","CCW"
"6805794923",-1.56,1448060524658,"Virgin Media","D/D"
"4273864442133283",-7.61,1448126990647,"Cancer Research","CCW"
"4273864442133283",-25.98,1448246310255,"TicketMaster","CCW"
"89716826",-3.04,1448255375303,"Transfer from Current Account to Savings","SAW"
"6805794923",3.04,1448222319696,"Transfer from Current Account to Savings","SAW"
"6805794923",8.24,1448328723075,"Denise Patterson","CAD"
"6805794923",3.53,1448362123702,"Lori Alexander","CAD"
"6805794923",-7.24,1448311885017,"Save the Children","CAW"
"6805794923",-9.48,1448367636791,"Save the Children","CAW"
"4273864442133283",-30.16,1448396233026,"M5 GoKarting","CCW"
"6805794923",4000,1448503820108,"Salary BACS Payment","BAC"
"6805794923",-33.94,1448545489828,"TicketMaster","CAW"
"6805794923",-20.33,1448505324568,"Shelter","CAW"
"6805794923",-41.97,1448482449580,"M5 GoKarting","CAW"
"6805794923",-20.61,1448483010097,"Cancer Research","CAW"
"6805794923",1.07,1448500713211,"Nicole Bailey","CAD"
"6805794923",-10.34,1448542691963,"TicketMaster","CAW"
"6805794923",-31.56,1448525747743,"Paintball UK","CAW"
"6805794923",0.24,1448535266384,"Alan Scott","CAD"
"6805794923",-20.72,1448505409364,"Uber","CAW"
"6805794923",-42.11,1448546191092,"Hitachi Personal Finance","CAW"
"6805794923",-13.94,1448628338640,"Save the Children","CAW"
"6805794923",-42.86,1448606453273,"Toni and Guy","CAW"
"6805794923",-33.67,1448635771643,"Paintball UK","CAW"
"6805794923",-19,1448638378676,"National Rail","CAW"
"6805794923",26.64,1448701956265,"Alan Scott","CAD"
"6805794923",-33.09,1448698448066,"Morrisons","CAW"
"89716826",-2.64,1448643323336,"Transfer from Current Account to Savings","SAW"
"6805794923",2.64,1448722257428,"Transfer from Current Account to Savings","SAW"
"6805794923",-42.07,1448786750984,"Paintball UK","CAW"
"6805794923",-49.64,1448735208347,"American Express","CAW"
"6805794923",-2.63,1448811250350,"Pizza Express","CAW"
"6805794923",-10.81,1448791831289,"Shelter","CAW"
"6805794923",-16.52,1448796219402,"Oxfam","CAW"
"89716826",-8.65,1448796678796,"Transfer from Current Account to Savings","SAW"
"6805794923",8.65,1448799235204,"Transfer from Current Account to Savings","SAW"
"6805794923",-21.5,1448878522945,"Uber","CAW"
"6805794923",0.16,1448894178453,"Nicole Bailey","CAD"
"6805794923",-39,1448883948632,"Pizza Express","CAW"
"6805794923",6.75,1448813819062,"Nicole Bailey","CAD"
"89716826",-9.48,1448820927323,"Transfer from Current Account to Savings","SAW"
"6805794923",9.48,1448857916876,"Transfer from Current Account to Savings","SAW"
"4273864442133283",-10.84,1448942267018,"Uber","CCW"
"4273864442133283",-42.91,1448898777376,"American Express","CCW"
"89716826",-3.85,1448948402278,"Transfer from Current Account to Savings","SAW"
"6805794923",3.85,1448900304652,"Transfer from Current Account to Savings","SAW"
"6805794923",-16.19,1449044645968,"TicketMaster","CAW"
"6805794923",-50.05,1449064110513,"Barclaycard","CAW"
"6805794923",-13.4,1449020484401,"RSPCA","CAW"
"6805794923",-34.27,1449063914588,"Thermae Spa","CAW"
"6805794923",-12.22,1449002694297,"Save the Children","CAW"
"6805794923",-16.07,1449054158285,"RSPCA","CAW"
"6805794923",-18.78,1449003658339,"WWF","CAW"
"6805794923",-10.72,1449011469962,"Toni and Guy","CAW"
"6805794923",-1200,1449101145298,"Rent","D/D"
"6805794923",-19.87,1449075342765,"Sainsburys","CAW"
"6805794923",-5.23,1449076494761,"Payment received thank you","CCD"
"4273864442133283",5.23,1449140471877,"Payment received thank you","CCD"
"6805794923",-53.65,1449206039364,"American Express","CAW"
"6805794923",-15.66,1449182389660,"Shelter","CAW"
"6805794923",-12.18,1449183288045,"RSPCA","CAW"
"6805794923",-18.68,1449190891969,"TicketMaster","CAW"
"6805794923",-14.49,1449195201297,"Save the Children","CAW"
"6805794923",-49.32,1449271109130,"American Express","CAW"
"6805794923",-19.28,1449267701534,"RSPCA","CAW"
"6805794923",-34.94,1449305828885,"Morrisons","CAW"
"89716826",-2.99,1449328967588,"Transfer from Current Account to Savings","SAW"
"6805794923",2.99,1449278711569,"Transfer from Current Account to Savings","SAW"
"6805794923",-12.84,1449401013392,"Shelter","CAW"
"6805794923",7.18,1449394996764,"Nicole Bailey","CAD"
"6805794923",-14.79,1449367920268,"GWR","CAW"
"6805794923",6.86,1449379149735,"Lori Alexander","CAD"
"4273864442133283",-16.62,1449335349875,"Pizza Express","CCW"
"6805794923",-20.57,1449520568688,"Payment received thank you","CCD"
"4273864442133283",20.57,1449579519087,"Payment received thank you","CCD"
"89716826",-14.38,1449582006258,"Transfer from Current Account to Savings","SAW"
"6805794923",14.38,1449510022840,"Transfer from Current Account to Savings","SAW"
"6805794923",-392.81,1449641843534,"Payment received thank you","CCD"
"4273864442133283",392.81,1449653850814,"Payment received thank you","CCD"
"6805794923",-46.58,1449621866978,"Payment received thank you","CCD"
"4273864442133283",46.58,1449592744105,"Payment received thank you","CCD"
"4273864442133283",-24.89,1449665526915,"Dorothy Perkins","CCW"
"6805794923",-37.9,1449734991748,"Morrisons","CAW"
"6805794923",-36.38,1449699193517,"Paintball UK","CAW"
"6805794923",-91.07,1449724235918,"Payment received thank you","CCD"
"4273864442133283",91.07,1449700156997,"Payment received thank you","CCD"
"6805794923",-38.55,1449719993609,"Payment received thank you","CCD"
"4273864442133283",38.55,1449756348055,"Payment received thank you","CCD"
"4273864442133283",-26.25,1449748391933,"Paintball UK","CCW"
"6805794923",0.58,1449842318233,"Denise Patterson","CAD"
"6805794923",-24.26,1449803180863,"Dorothy Perkins","CAW"
"6805794923",-24.22,1449888703929,"Boots","CAW"
"6805794923",-11.74,1449900311696,"Save the Children","CAW"
"6805794923",-19.48,1449851691217,"Cancer Research","CAW"
"89716826",-0.32,1449930320690,"Transfer from Current Account to Savings","SAW"
"6805794923",0.32,1449886498443,"Transfer from Current Account to Savings","SAW"
"6805794923",-1.05,1449946907817,"Sky Digital","D/D"
"6805794923",-21.87,1449959110200,"Boots","CAW"
"4273864442133283",-15.85,1449961175381,"RSPCA","CCW"
"4273864442133283",-18.81,1449964027704,"Morrisons","CCW"
"4273864442133283",-16.27,1449975583574,"Toni and Guy","CCW"
"4273864442133283",-24.13,1449955395631,"M5 GoKarting","CCW"
"4273864442133283",-20.97,1450002754361,"GWR","CCW"
"4273864442133283",-19.07,1449981650745,"GWR","CCW"
"4273864442133283",-10.44,1450019990781,"Cancer Research","CCW"
"4273864442133283",-41.23,1449971094688,"Paintball UK","CCW"
"4273864442133283",-17.4,1449938624190,"Burtons","CCW"
"4273864442133283",-11.69,1449982624820,"Cancer Research","CCW"
"4273864442133283",-46.01,1449966531680,"American Express","CCW"
"6805794923",-235.96,1449971100768,"Payment received thank you","CCD"
"4273864442133283",235.96,1450008012358,"Payment received thank you","CCD"
"6805794923",4.68,1450090147522,"Denise Patterson","CAD"
"6805794923",-20.72,1450076576556,"GWR","CAW"
"6805794923",-12.46,1450069452736,"GWR","CAW"
"6805794923",-18.45,1450075573038,"Morrisons","CAW"
"4273864442133283",-24.78,1450026522150,"Thermae Spa","CCW"
"89716826",-1.55,1450079814532,"Transfer from Current Account to Savings","SAW"
"6805794923",1.55,1450102350731,"Transfer from Current Account to Savings","SAW"
"6805794923",-15.7,1450168296757,"TicketMaster","CAW"
"6805794923",21.44,1450133610458,"Lori Alexander","CAD"
"4273864442133283",-30.14,1450182722622,"Morrisons","CCW"
"6805794923",-17.52,1450230404208,"British Gas","D/D"
"6805794923",-17,1450356640305,"Cancer Research","CAW"
"6805794923",-48.13,1450446006875,"Barclaycard","CAW"
"4273864442133283",-16.92,1450388291872,"Oxfam","CCW"
"4273864442133283",-21.29,1450411923977,"Boots","CCW"
"4273864442133283",-54.39,1450443587271,"American Express","CCW"
"89716826",-4.33,1450384108159,"Transfer from Current Account to Savings","SAW"
"6805794923",4.33,1450429709399,"Transfer from Current Account to Savings","SAW"
"6805794923",-9.54,1450454745684,"Oxfam","CAW"
"6805794923",-23.68,1450468561138,"TicketMaster","CAW"
"4273864442133283",-46.68,1450519054015,"American Express","CCW"
"4273864442133283",-22.73,1450534190628,"RSPCA","CCW"
"6805794923",-51.28,1450547085473,"Barclaycard","CAW"
"6805794923",-24.13,1450561016886,"Dorothy Perkins","CAW"
"6805794923",-15.54,1450572565357,"TicketMaster","CAW"
"6805794923",-40.23,1450597882325,"Paintball UK","CAW"
"6805794923",-44.61,1450540799341,"Dorothy Perkins","CAW"
"6805794923",-17.05,1450559232169,"RSPCA","CAW"
"4273864442133283",-37.33,1450606711010,"Thermae Spa","CCW"
"4273864442133283",-6.15,1450576956206,"Save the Children","CCW"
"4273864442133283",-47.63,1450573111064,"American Express","CCW"
"4273864442133283",-31.84,1450551973998,"TicketMaster","CCW"
"89716826",-4.11,1450542527926,"Transfer from Current Account to Savings","SAW"
"6805794923",4.11,1450615980328,"Transfer from Current Account to Savings","SAW"
"6805794923",-1.56,1450684719395,"Virgin Media","D/D"
"6805794923",0.15,1450697433681,"Lori Alexander","CAD"
"4273864442133283",-20.42,1450692601337,"Uber","CCW"
"89716826",-22.32,1450632447312,"Transfer from Current Account to Savings","SAW"
"6805794923",22.32,1450645320438,"Transfer from Current Account to Savings","SAW"
"6805794923",-48.77,1450715102999,"Wonga","CAW"
"6805794923",-16.1,1450796737323,"WWF","CAW"
"6805794923",-4.97,1450816215698,"Toni and Guy","CAW"
"6805794923",-21.19,1450802520327,"River Island","CAW"
"6805794923",-31.63,1450934293066,"Dorothy Perkins","CAW"
"6805794923",1.49,1450949316121,"Brenda Ward","CAD"
"6805794923",-11.73,1450934693646,"RSPCA","CAW"
"6805794923",-281.22,1450917875533,"Payment received thank you","CCD"
"4273864442133283",281.22,1450928124316,"Payment received thank you","CCD"
"4273864442133283",-14.29,1450928326765,"National Rail","CCW"
"6805794923",-11.1,1450979510191,"WWF","CAW"
"4273864442133283",-42.59,1450988663735,"Hitachi Personal Finance","CCW"
"6805794923",4000,1451065854011,"Salary BACS Payment","BAC"
"6805794923",-11.99,1451138187521,"WWF","CAW"
"6805794923",11.46,1451134683879,"Denise Patterson","CAD"
"6805794923",-14.53,1451109926694,"Oxfam","CAW"
"6805794923",-17.91,1451069918894,"Oxfam","CAW"
"4273864442133283",-15.92,1451141168426,"Oxfam","CCW"
"89716826",-1.01,1451129449815,"Transfer from Current Account to Savings","SAW"
"6805794923",1.01,1451110137564,"Transfer from Current Account to Savings","SAW"
"6805794923",9.31,1451147964442,"Alan Scott","CAD"
"6805794923",-17.07,1451171776689,"Payment received thank you","CCD"
"4273864442133283",17.07,1451209237129,"Payment received thank you","CCD"
"6805794923",-43.56,1451175485927,"Payment received thank you","CCD"
"4273864442133283",43.56,1451171753716,"Payment received thank you","CCD"
"4273864442133283",-41.57,1451218889048,"Pizza Express","CCW"
"6805794923",-11.94,1451286045467,"RSPCA","CAW"
"4273864442133283",-42.22,1451286559824,"Burtons","CCW"
"4273864442133283",-11.58,1451252927355,"National Rail","CCW"
"4273864442133283",-30.72,1451237488120,"Dorothy Perkins","CCW"
"89716826",-2.11,1451301493029,"Transfer from Current Account to Savings","SAW"
"6805794923",2.11,1451235065523,"Transfer from Current Account to Savings","SAW"
"6805794923",-19.24,1451381488580,"Oxfam","CAW"
"4273864442133283",-18.33,1451321865087,"GWR","CCW"
"6805794923",-24.14,1451474334630,"Cancer Research","CAW"
"6805794923",-48.76,1451432904191,"Hitachi Personal Finance","CAW"
"6805794923",-56.75,1451441195390,"Wonga","CAW"
"6805794923",-45.63,1451482252215,"Wonga","CAW"
"4273864442133283",-14.65,1451448982401,"Oxfam","CCW"
"6805794923",-46.54,1451491731555,"Paintball UK","CAW"
"6805794923",-24.39,1451566192236,"Pizza Express","CAW"
"6805794923",-14.41,1451523799103,"WWF","CAW"
"4273864442133283",-18.37,1451643178815,"WWF","CCW"
"6805794923",-46.58,1451734500046,"Wonga","CAW"
"4273864442133283",-23.76,1451687450988,"Cancer Research","CCW"
"6805794923",-1200,1451806706098,"Rent","D/D"
"6805794923",-18.24,1451776002284,"RSPCA","CAW"
"6805794923",-14.22,1451839891417,"Dorothy Perkins","CAW"
"6805794923",-161.54,1451870082962,"Payment received thank you","CCD"
"4273864442133283",161.54,1451864033654,"Payment received thank you","CCD"
"6805794923",-130.02,1451868856395,"Payment received thank you","CCD"
"4273864442133283",130.02,1451887315293,"Payment received thank you","CCD"
"89716826",-0.8,1451908543106,"Transfer from Current Account to Savings","SAW"
"6805794923",0.8,1451892757847,"Transfer from Current Account to Savings","SAW"
"6805794923",-51.35,1451942091201,"Boots","CAW"
"6805794923",5.51,1451957269760,"Alan Scott","CAD"
"6805794923",-320.14,1451964852477,"Payment received thank you","CCD"
"4273864442133283",320.14,1451968125135,"Payment received thank you","CCD"
"6805794923",-23.26,1452072983812,"Toni and Guy","CAW"
"6805794923",-14.82,1452040991646,"Uber","CAW"
"4273864442133283",-16.14,1452065109675,"Cancer Research","CCW"
"6805794923",-37.52,1452171486302,"Boots","CAW"
"6805794923",-17.82,1452124094454,"Save the Children","CAW"
"4273864442133283",-7.96,1452171858333,"Cancer Research","CCW"
"6805794923",-17.34,1452253593802,"TicketMaster","CAW"
"6805794923",-6.4,1452198659666,"GWR","CAW"
"6805794923",-28.4,1452225269030,"Thermae Spa","CAW"
"4273864442133283",-47.12,1452228802778,"Boots","CCW"
"6805794923",-13.72,1452326354712,"GWR","CAW"
"4273864442133283",-16.98,1452327558977,"Pizza Express","CCW"
"6805794923",-25.29,1452438422390,"Paintball UK","CAW"
"6805794923",-24.77,1452416234632,"Paintball UK","CAW"
"6805794923",-25.34,1452360285466,"TicketMaster","CAW"
"6805794923",-12.76,1452432734922,"Cancer Research","CAW"
"6805794923",-19.06,1452359888668,"Shelter","CAW"
"6805794923",-32.53,1452385055313,"Boots","CAW"
"4273864442133283",-13.65,1452438711542,"Oxfam","CCW"
"4273864442133283",-7.43,1452397070700,"Uber","CCW"
"4273864442133283",-16.65,1452413281703,"Shelter","CCW"
"4273864442133283",-41.3,1452358775897,"River Island","CCW"
"6805794923",-50.7,1452474808076,"American Express","CAW"
"6805794923",-18.15,1452463146872,"Cancer Research","CAW"
"4273864442133283",-32.42,1452461817208,"TicketMaster","CCW"
"4273864442133283",-35.39,1452598887237,"Toni and Guy","CCW"
"4273864442133283",-42.81,1452528519243,"Sainsburys","CCW"
"6805794923",-1.05,1452615659603,"Sky Digital","D/D"
"4273864442133283",-41.6,1452615567109,"Paintball UK","CCW"
"6805794923",-28.31,1452687153942,"Payment received thank you","CCD"
"4273864442133283",28.31,1452661206344,"Payment received thank you","CCD"
"6805794923",-0.21,1452693106267,"Payment received thank you","CCD"
"4273864442133283",0.21,1452699241169,"Payment received thank you","CCD"
"89716826",-15.14,1452679799936,"Transfer from Current Account to Savings","SAW"
"6805794923",15.14,1452649856406,"Transfer from Current Account to Savings","SAW"
"6805794923",-8.18,1452749748484,"Payment received thank you","CCD"
"4273864442133283",8.18,1452757147577,"Payment received thank you","CCD"
"6805794923",-42.3,1452866023929,"River Island","CAW"
"6805794923",-9.63,1452830473542,"Save the Children","CAW"
"6805794923",-14.42,1452835407653,"RSPCA","CAW"
"6805794923",-11.28,1452858168358,"Save the Children","CAW"
"6805794923",-14.4,1452816592027,"Dorothy Perkins","CAW"
"6805794923",-33.28,1452842502479,"Sainsburys","CAW"
"4273864442133283",-7.07,1452820387526,"Toni and Guy","CCW"
"4273864442133283",-36.15,1452864229500,"Toni and Guy","CCW"
"89716826",-3.92,1452842094190,"Transfer from Current Account to Savings","SAW"
"6805794923",3.92,1452813827565,"Transfer from Current Account to Savings","SAW"
"6805794923",-17.52,1452957555066,"British Gas","D/D"
"6805794923",-36.41,1452947260288,"Wonga","CAW"
"6805794923",-34.91,1452929390865,"Paintball UK","CAW"
"6805794923",-46.54,1452953004235,"Wonga","CAW"
"6805794923",-29.19,1452949542453,"Thermae Spa","CAW"
"6805794923",-15.57,1453031378597,"RSPCA","CAW"
"4273864442133283",-10.74,1452969254872,"National Rail","CCW"
"4273864442133283",-7.42,1452982447244,"Shelter","CCW"
"4273864442133283",-31.8,1453002573347,"Dorothy Perkins","CCW"
"6805794923",-17.22,1453051988800,"Oxfam","CAW"
"6805794923",-75.01,1453083428447,"Payment received thank you","CCD"
"4273864442133283",75.01,1453130047432,"Payment received thank you","CCD"
"89716826",-10.08,1453086370749,"Transfer from Current Account to Savings","SAW"
"6805794923",10.08,1453070324980,"Transfer from Current Account to Savings","SAW"
"89716826",-14.32,1453129579448,"Transfer from Current Account to Savings","SAW"
"6805794923",14.32,1453052452499,"Transfer from Current Account to Savings","SAW"
"6805794923",0.94,1453188755172,"Nicole Bailey","CAD"
"6805794923",-40.84,1453175148524,"M5 GoKarting","CAW"
"6805794923",-13.34,1453174034388,"Shelter","CAW"
"4273864442133283",-3.79,1453137590250,"Shelter","CCW"
"6805794923",-55.59,1453283336541,"American Express","CAW"
"4273864442133283",-19.13,1453274439198,"Oxfam","CCW"
"6805794923",-1.56,1453331760906,"Virgin Media","D/D"
"6805794923",-4.34,1453352062829,"GWR","CAW"
"6805794923",0.1,1453323912542,"Interest","CAD"
"6805794923",-13.83,1453377724118,"RSPCA","CAW"
"4273864442133283",-18.18,1453369063908,"Morrisons","CCW"
"6805794923",-22.69,1453398715239,"WWF","CAW"
"6805794923",-7.71,1453402160634,"Save the Children","CAW"
"4273864442133283",-8.19,1453434698555,"National Rail","CCW"
"4273864442133283",-22.63,1453433695878,"Paintball UK","CCW"
"6805794923",15.08,1453491664434,"Brenda Ward","CAD"
"6805794923",-27.7,1453531070515,"M5 GoKarting","CAW"
"6805794923",-16.34,1453527739499,"Uber","CAW"
"4273864442133283",-22.48,1453523437218,"National Rail","CCW"
"4273864442133283",-8.48,1453532557294,"Shelter","CCW"
"4273864442133283",-48.52,1453493507826,"Barclaycard","CCW"
"4273864442133283",-28.46,1453542725349,"Paintball UK","CCW"
"4273864442133283",-9.05,1453526180526,"WWF","CCW"
"6805794923",-31.73,1453598686960,"River Island","CAW"
"6805794923",-12.08,1453634065655,"WWF","CAW"
"4273864442133283",-17.55,1453598902750,"Sainsburys","CCW"
"4273864442133283",-32.58,1453641055602,"Toni and Guy","CCW"
"4273864442133283",-33.2,1453612500141,"Sainsburys","CCW"
"4273864442133283",-34.14,1453591233980,"M5 GoKarting","CCW"
"6805794923",-38.47,1453691521999,"Sainsburys","CAW"
"6805794923",4000,1453741909746,"Salary BACS Payment","BAC"
"6805794923",-31.03,1453752054886,"TicketMaster","CAW"
"6805794923",-14.84,1453781903930,"Cancer Research","CAW"
"4273864442133283",-13.46,1453795378950,"RSPCA","CCW"
"6805794923",-18.21,1453855232973,"WWF","CAW"
"6805794923",-29.55,1453849952618,"Pizza Express","CAW"
"4273864442133283",-16.31,1453875377570,"Save the Children","CCW"
"4273864442133283",-17.02,1453825332045,"Oxfam","CCW"
"4273864442133283",-8.24,1453914251856,"Uber","CCW"
"6805794923",-26.69,1454066815602,"Dorothy Perkins","CAW"
"4273864442133283",-12.63,1454009824524,"Cancer Research","CCW"
"4273864442133283",-34.19,1454139737255,"Thermae Spa","CCW"
"4273864442133283",-20.97,1454142218722,"Pizza Express","CCW"
"4273864442133283",-40.22,1454127287949,"Boots","CCW"
"6805794923",-44.54,1454193201404,"Hitachi Personal Finance","CAW"
"6805794923",1.24,1454221170917,"Denise Patterson","CAD"
"4273864442133283",-40.32,1454203031951,"M5 GoKarting","CCW"
"6805794923",15.35,1454264934893,"Denise Patterson","CAD"
"6805794923",-16.65,1454280910528,"Thermae Spa","CAW"
"6805794923",3.91,1454320131027,"Nicole Bailey","CAD"
"6805794923",-19.13,1454289405127,"Cancer Research","CAW"
"6805794923",3.31,1454256799624,"Brenda Ward","CAD"
"6805794923",-17.38,1454336340389,"Save the Children","CAW"
"6805794923",-15.42,1454399252477,"GWR","CAW"
"6805794923",-1200,1454438640086,"Rent","D/D"
"6805794923",-27.29,1454477349213,"Burtons","CAW"
"4273864442133283",-22.49,1454519003229,"WWF","CCW"
"4273864442133283",-33.14,1454525920503,"Burtons","CCW"
"6805794923",-32.33,1454626577977,"Pizza Express","CAW"
"4273864442133283",-16.87,1454665292543,"Shelter","CCW"
"4273864442133283",-10.65,1454635936980,"National Rail","CCW"
"6805794923",-24.05,1454723245131,"Pizza Express","CAW"
"6805794923",-17.44,1454734613510,"Uber","CAW"
"6805794923",-50.77,1454729745916,"Hitachi Personal Finance","CAW"
"4273864442133283",-26.83,1454724649082,"Paintball UK","CCW"
"89716826",-11.88,1454754668157,"Transfer from Current Account to Savings","SAW"
"6805794923",11.88,1454689513520,"Transfer from Current Account to Savings","SAW"
"4273864442133283",-50.57,1454817877344,"Hitachi Personal Finance","CCW"
"6805794923",-23.51,1454934332383,"RSPCA","CAW"
"6805794923",-49.75,1454925997780,"Barclaycard","CAW"
"4273864442133283",-17.61,1454862633893,"Shelter","CCW"
"4273864442133283",-23.21,1454984253053,"Oxfam","CCW"
"4273864442133283",-16.67,1455004590986,"Paintball UK","CCW"
"6805794923",-16.02,1455052183359,"River Island","CAW"
"4273864442133283",-54.07,1455076819980,"American Express","CCW"
"4273864442133283",-16.66,1455096381056,"Uber","CCW"
"4273864442133283",-5.78,1455109567106,"WWF","CCW"
"4273864442133283",-54.33,1455098572138,"Hitachi Personal Finance","CCW"
"4273864442133283",-15.04,1455066065869,"Oxfam","CCW"
"89716826",-22.2,1455201325115,"Transfer from Current Account to Savings","SAW"
"6805794923",22.2,1455133410411,"Transfer from Current Account to Savings","SAW"
"4273864442133283",-41.99,1455258871109,"American Express","CCW"
"6805794923",-1.05,1455306398962,"Sky Digital","D/D"
"6805794923",1.23,1455362233207,"Interest","CAD"
"4273864442133283",-30.21,1455374847379,"Burtons","CCW"
"6805794923",-45.43,1455433658003,"M5 GoKarting","CAW"
"6805794923",-18.31,1455406831739,"RSPCA","CAW"
"6805794923",-40.6,1455439655352,"Sainsburys","CAW"
"6805794923",-50.4,1455399366714,"Barclaycard","CAW"
"4273864442133283",-33.96,1455389213890,"TicketMaster","CCW"
"4273864442133283",-29.96,1455506347701,"Paintball UK","CCW"
"4273864442133283",-16.12,1455516410192,"GWR","CCW"
"6805794923",-17.52,1455626601405,"British Gas","D/D"
"6805794923",5.74,1455569444037,"Interest","CAD"
"6805794923",1.16,1455624831482,"Brenda Ward","CAD"
"6805794923",-38.58,1455591282097,"Boots","CAW"
"6805794923",-11.29,1455598552514,"River Island","CAW"
"4273864442133283",-11.16,1455593843236,"GWR","CCW"
"6805794923",-27.5,1455649524537,"TicketMaster","CAW"
"6805794923",-32.86,1455643353629,"Pizza Express","CAW"
"6805794923",-13.32,1455807907849,"Shelter","CAW"
"6805794923",-13.31,1455841344263,"GWR","CAW"
"6805794923",-50.13,1455841458329,"Barclaycard","CAW"
"6805794923",0.99,1455887800029,"Lori Alexander","CAD"
"6805794923",-18.51,1455858998912,"Pizza Express","CAW"
"6805794923",-7.23,1455937469514,"GWR","CAW"
"6805794923",-55.12,1455913275816,"Hitachi Personal Finance","CAW"
"6805794923",-15.2,1455898424725,"Pizza Express","CAW"
"6805794923",3.63,1455913071850,"Interest","CAD"
"4273864442133283",-29.23,1455978934230,"Sainsburys","CCW"
"4273864442133283",-48.76,1455927648928,"American Express","CCW"
"6805794923",-81.2,1455925994791,"Payment received thank you","CCD"
"4273864442133283",81.2,1455954904774,"Payment received thank you","CCD"
"4273864442133283",-49.7,1455902149384,"Dorothy Perkins","CCW"
"89716826",-12.47,1455911245945,"Transfer from Current Account to Savings","SAW"
"6805794923",12.47,1455899858285,"Transfer from Current Account to Savings","SAW"
"6805794923",-1.56,1456036155438,"Virgin Media","D/D"
"6805794923",-13.6,1456005605143,"Boots","CAW"
"6805794923",-46.59,1456048918998,"TicketMaster","CAW"
"4273864442133283",-33.73,1456018395558,"Morrisons","CCW"
"6805794923",-19.7,1456096564568,"Uber","CAW"
"6805794923",-12.98,1456110123869,"Oxfam","CAW"
"6805794923",-42.71,1456134093054,"Paintball UK","CAW"
"6805794923",-31.43,1456201128824,"Sainsburys","CAW"
"6805794923",0.63,1456230559601,"Denise Patterson","CAD"
"4273864442133283",-11.61,1456156616315,"WWF","CCW"
"6805794923",-285.09,1456169367700,"Payment received thank you","CCD"
"4273864442133283",285.09,1456226133031,"Payment received thank you","CCD"
"4273864442133283",-60.98,1456162022692,"Barclaycard","CCW"
"6805794923",-16,1456315344483,"GWR","CAW"
"4273864442133283",-28.23,1456302816375,"GWR","CCW"
"6805794923",-18.92,1456349155662,"Burtons","CAW"
"6805794923",-10.17,1456352956583,"WWF","CAW"
"6805794923",-17.77,1456382643876,"River Island","CAW"
"4273864442133283",-17.93,1456348458495,"Shelter","CCW"
"4273864442133283",-29.07,1456362459438,"TicketMaster","CCW"
"6805794923",4000,1456418521015,"Salary BACS Payment","BAC"
"6805794923",-11.42,1456445071307,"RSPCA","CAW"
"4273864442133283",-22.34,1456444574127,"Uber","CCW"
"4273864442133283",-20.41,1456480079935,"GWR","CCW"
"6805794923",-23.11,1456510993968,"Morrisons","CAW"
"6805794923",-8.58,1456505194152,"National Rail","CAW"
"4273864442133283",-45.65,1456569248319,"Barclaycard","CCW"
"89716826",-0.1,1456568807949,"Transfer from Current Account to Savings","SAW"
"6805794923",0.1,1456508245277,"Transfer from Current Account to Savings","SAW"
"89716826",-29.440000000000005,1456737520341,"Transfer from Current Account to Savings","SAW"
"6805794923",29.440000000000005,1456715325283,"Transfer from Current Account to Savings","SAW"
"6805794923",-51.64,1456764996300,"TicketMaster","CAW"
"6805794923",-1200,1456968830972,"Rent","D/D"
"4273864442133283",-30.76,1456996382190,"Boots","CCW"
"6805794923",-48.47,1457098729551,"Barclaycard","CAW"
"6805794923",-37.75,1457057887749,"Burtons","CAW"
"6805794923",-40.57,1457041690380,"Toni and Guy","CAW"
"6805794923",-38.82,1457021747927,"Thermae Spa","CAW"
"6805794923",-49.68,1457051489161,"Wonga","CAW"
"6805794923",-45.73,1457045749894,"Barclaycard","CAW"
"6805794923",-8.92,1457024731993,"Thermae Spa","CAW"
"6805794923",-20.3,1457061500297,"National Rail","CAW"
"6805794923",-23.76,1457071572924,"Burtons","CAW"
"6805794923",-18.37,1457179592459,"Shelter","CAW"
"6805794923",-29.36,1457140968015,"Paintball UK","CAW"
"6805794923",-13.79,1457187492889,"Boots","CAW"
"6805794923",1.79,1457149703632,"Lori Alexander","CAD"
"6805794923",-41.88,1457155423228,"Thermae Spa","CAW"
"4273864442133283",-18.42,1457180673234,"RSPCA","CCW"
"6805794923",3.72,1457249194041,"Denise Patterson","CAD"
"6805794923",-21.54,1457272992870,"National Rail","CAW"
"6805794923",-52.43,1457243532070,"Paintball UK","CAW"
"6805794923",-31.99,1457236110739,"Boots","CAW"
"6805794923",9.74,1457337966866,"Denise Patterson","CAD"
"89716826",0,1457370343396,"Transfer from Current Account to Savings","SAW"
"6805794923",0,1457409229572,"Transfer from Current Account to Savings","SAW"
"6805794923",-0.01,1457500251679,"Pizza Express","CAW"
"6805794923",-17.6,1457524756224,"M5 GoKarting","CAW"
"6805794923",-21.71,1457472353608,"River Island","CAW"
"6805794923",-21.81,1457465619071,"National Rail","CAW"
"6805794923",-29.05,1457468597295,"Dorothy Perkins","CAW"
"6805794923",-14,1457489402809,"Uber","CAW"
"6805794923",-12,1457622840472,"Oxfam","CAW"
"6805794923",-47.38,1457637900838,"Barclaycard","CAW"
"6805794923",-20.53,1457691925032,"Burtons","CAW"
"6805794923",-28.67,1457692533143,"Burtons","CAW"
"6805794923",-32.69,1457691232472,"Morrisons","CAW"
"6805794923",-38.52,1457667230298,"M5 GoKarting","CAW"
"6805794923",-9.89,1457650076870,"Uber","CAW"
"6805794923",-29.88,1457635274167,"Thermae Spa","CAW"
"4273864442133283",-35.13,1457664953197,"Sainsburys","CCW"
"6805794923",-30.22,1457764965884,"River Island","CAW"
"6805794923",-12.64,1457772968239,"RSPCA","CAW"
"6805794923",1.03,1457754191865,"Lori Alexander","CAD"
"6805794923",-1.05,1457836284598,"Sky Digital","D/D"
"6805794923",-48.24,1457847840266,"American Express","CAW"
"6805794923",-69.68,1457871086180,"Payment received thank you","CCD"
"4273864442133283",69.68,1457804738760,"Payment received thank you","CCD"
"4273864442133283",-38.65,1457840708425,"Pizza Express","CCW"
"6805794923",3.73,1457914450422,"Brenda Ward","CAD"
"6805794923",-16.43,1457915469938,"River Island","CAW"
"6805794923",-12.52,1457964330958,"Oxfam","CAW"
"6805794923",-9.55,1457937718297,"Paintball UK","CAW"
"6805794923",2.45,1457903433001,"Nicole Bailey","CAD"
"6805794923",-110.56,1457931739291,"Payment received thank you","CCD"
"4273864442133283",110.56,1457948914745,"Payment received thank you","CCD"
"4273864442133283",-19.07,1457990748170,"Pizza Express","CCW"
"6805794923",-17.52,1458065014625,"British Gas","D/D"
"6805794923",-15.03,1458109729652,"Toni and Guy","CAW"
"6805794923",-39,1458097812819,"Burtons","CAW"
"4273864442133283",-24.78,1458110056348,"Oxfam","CCW"
"6805794923",-34.4,1458193887217,"M5 GoKarting","CAW"
"6805794923",-60.81,1458192504650,"Payment received thank you","CCD"
"4273864442133283",60.81,1458152991583,"Payment received thank you","CCD"
"6805794923",-19.22,1458282601304,"TicketMaster","CAW"
"6805794923",-38.29,1458299954714,"Pizza Express","CAW"
"6805794923",-36.77,1458302803081,"Dorothy Perkins","CAW"
"6805794923",-19.26,1458239491566,"Burtons","CAW"
"6805794923",-14.11,1458329836088,"RSPCA","CAW"
"6805794923",-18.89,1458353765352,"GWR","CAW"
"4273864442133283",-49.57,1458335206605,"Hitachi Personal Finance","CCW"
"4273864442133283",-12.34,1458392214446,"Oxfam","CCW"
"6805794923",-30.67,1458437369277,"Toni and Guy","CAW"
"6805794923",-34.22,1458442515490,"Payment received thank you","CCD"
"4273864442133283",34.22,1458471958547,"Payment received thank you","CCD"
"4273864442133283",-37,1458437266786,"Burtons","CCW"
"6805794923",-1.56,1458556037989,"Virgin Media","D/D"
"4273864442133283",-40.75,1458554317378,"Thermae Spa","CCW"
"6805794923",-2.76,1458594454466,"Uber","CAW"
"6805794923",-12.91,1458674617836,"Morrisons","CAW"
"6805794923",1.93,1458827463554,"Alan Scott","CAD"
"6805794923",-13.84,1458811679460,"Oxfam","CAW"
"6805794923",-42.89,1458766982317,"Burtons","CAW"
"6805794923",-1.88,1458826390822,"Payment received thank you","CCD"
"4273864442133283",1.88,1458812817616,"Payment received thank you","CCD"
"6805794923",-40.17,1458905448086,"Barclaycard","CAW"
"6805794923",4000,1458947844372,"Salary BACS Payment","BAC"
"4273864442133283",-5.82,1458935297842,"Uber","CCW"
"6805794923",11.22,1459051000437,"Lori Alexander","CAD"
"6805794923",-24.4,1459035498113,"Burtons","CAW"
"6805794923",-34.5,1459023730293,"Pizza Express","CAW"
"4273864442133283",-53.28,1459123070654,"Toni and Guy","CCW"
"89716826",0,1459153791627,"Transfer from Current Account to Savings","SAW"
"6805794923",0,1459159033749,"Transfer from Current Account to Savings","SAW"
"4273864442133283",-15.97,1459230720388,"National Rail","CCW"
"6805794923",-7.16,1459313270718,"Dorothy Perkins","CAW"
"4273864442133283",-33.76,1459299090754,"Thermae Spa","CCW"
"6805794923",-27.73,1459426214332,"TicketMaster","CAW"
"6805794923",-59.55,1459375699305,"Hitachi Personal Finance","CAW"
"6805794923",1.74,1459385644075,"Denise Patterson","CAD"
"6805794923",-33.73,1459425376978,"Paintball UK","CAW"
"6805794923",-58.77,1459365822963,"Hitachi Personal Finance","CAW"
"6805794923",-21.8,1459496375688,"Sainsburys","CAW"
"6805794923",-14.41,1459451777105,"Cancer Research","CAW"
"6805794923",-30.19,1459452750291,"Dorothy Perkins","CAW"
"6805794923",-30.13,1459481224743,"Thermae Spa","CAW"
"6805794923",-49.02,1459471444314,"Barclaycard","CAW"
"6805794923",-6.33,1459488480686,"Dorothy Perkins","CAW"
"6805794923",-15.82,1459516476206,"Uber","CAW"
"6805794923",6.29,1459523059692,"Lori Alexander","CAD"
"6805794923",-17.07,1459591051880,"Sainsburys","CAW"
"6805794923",-50.27,1459574038336,"Barclaycard","CAW"
"6805794923",-33.39,1459544817832,"Payment received thank you","CCD"
"4273864442133283",33.39,1459562463671,"Payment received thank you","CCD"
"6805794923",-1200,1459684213874,"Rent","D/D"
"4273864442133283",-2.12,1459635395006,"Shelter","CCW"
"6805794923",-29.27,1459709852722,"Pizza Express","CAW"
"6805794923",-43.24,1459735175555,"Hitachi Personal Finance","CAW"
"89716826",0,1459712638765,"Transfer from Current Account to Savings","SAW"
"6805794923",0,1459766003918,"Transfer from Current Account to Savings","SAW"
"6805794923",-52.13,1459810434628,"Barclaycard","CAW"
"6805794923",-31.14,1459810959905,"M5 GoKarting","CAW"
"6805794923",-13.15,1459844056198,"Shelter","CAW"
"4273864442133283",-52.49,1459839693283,"Barclaycard","CCW"
"4273864442133283",-12.25,1459817765740,"TicketMaster","CCW"
"6805794923",0.35,1459913288638,"Alan Scott","CAD"
"6805794923",-34.47,1459946772877,"Morrisons","CAW"
"6805794923",-18.44,1459953135949,"Save the Children","CAW"
"6805794923",-12.37,1459884374793,"Save the Children","CAW"
"6805794923",-39.33,1459938169337,"Morrisons","CAW"
"6805794923",1.16,1459928205659,"Interest","CAD"
"6805794923",-52.43,1459900555714,"American Express","CAW"
"6805794923",-49.52,1459910786413,"American Express","CAW"
"89716826",0,1459918328585,"Transfer from Current Account to Savings","SAW"
"6805794923",0,1459904258737,"Transfer from Current Account to Savings","SAW"
"6805794923",-11.97,1459982576127,"Save the Children","CAW"
"4273864442133283",-19.18,1460023381589,"River Island","CCW"
"6805794923",-99.7,1459972578977,"Payment received thank you","CCD"
"4273864442133283",99.7,1460019521917,"Payment received thank you","CCD"
"6805794923",-172.92,1459965119740,"Payment received thank you","CCD"
"4273864442133283",172.92,1459964528954,"Payment received thank you","CCD"
"4273864442133283",-31.15,1460030693593,"Sainsburys","CCW"
"6805794923",-32.08,1460084704321,"Thermae Spa","CAW"
"6805794923",-44.64,1460128002980,"Dorothy Perkins","CAW"
"6805794923",-47.2,1460044917572,"Sainsburys","CAW"
"6805794923",-2.63,1460043580056,"Uber","CAW"
"6805794923",-12.05,1460045274607,"RSPCA","CAW"
"6805794923",-40.58,1460086668207,"Burtons","CAW"
"6805794923",-20.68,1460073184930,"Save the Children","CAW"
"6805794923",-48.31,1460051359755,"TicketMaster","CAW"
"6805794923",-34.88,1460105759761,"River Island","CAW"
"6805794923",-33.7,1460093984672,"Toni and Guy","CAW"
"4273864442133283",-24.37,1460077633530,"Sainsburys","CCW"
"4273864442133283",-9.55,1460117181098,"Uber","CCW"
"6805794923",-36.83,1460059469486,"Payment received thank you","CCD"
"4273864442133283",36.83,1460121735855,"Payment received thank you","CCD"
"4273864442133283",-10.93,1460048101857,"Uber","CCW"
"4273864442133283",-48.68,1460099563507,"Wonga","CCW"
"4273864442133283",-22.57,1460115708302,"Sainsburys","CCW"
"6805794923",-51.55,1460205593310,"Hitachi Personal Finance","CAW"
"6805794923",-129.42,1460185196663,"Payment received thank you","CCD"
"4273864442133283",129.42,1460189138996,"Payment received thank you","CCD"
"4273864442133283",-15.76,1460283761704,"National Rail","CCW"
"4273864442133283",-17.39,1460278038762,"Paintball UK","CCW"
"4273864442133283",-16.86,1460277417616,"RSPCA","CCW"
"6805794923",-55.3,1460437480099,"Hitachi Personal Finance","CAW"
"4273864442133283",-29.08,1460389909836,"M5 GoKarting","CCW"
"6805794923",-1.05,1460554493146,"Sky Digital","D/D"
"6805794923",-26.29,1460568747388,"Pizza Express","CAW"
"4273864442133283",-8.45,1460586202614,"Pizza Express","CCW"
"6805794923",-3.33,1460562573744,"Payment received thank you","CCD"
"4273864442133283",3.33,1460618030196,"Payment received thank you","CCD"
"4273864442133283",-42.51,1460733474609,"Thermae Spa","CCW"
"4273864442133283",-20.56,1460710260052,"National Rail","CCW"
"4273864442133283",-49.56,1460679369181,"American Express","CCW"
"6805794923",-17.52,1460799487168,"British Gas","D/D"
"6805794923",-13.27,1460814090329,"Shelter","CAW"
"6805794923",-40.36,1460807707937,"Paintball UK","CAW"
"6805794923",-30.32,1460770758843,"Pizza Express","CAW"
"6805794923",1.79,1460883824719,"Lori Alexander","CAD"
"6805794923",-23.24,1460828441452,"Toni and Guy","CAW"
"6805794923",-36.79,1460978437510,"Morrisons","CAW"
"4273864442133283",-44.36,1460977527969,"Dorothy Perkins","CCW"
"6805794923",-38.19,1460915512471,"Payment received thank you","CCD"
"4273864442133283",38.19,1460923732991,"Payment received thank you","CCD"
"6805794923",-13.89,1460907681447,"Payment received thank you","CCD"
"4273864442133283",13.89,1460948569689,"Payment received thank you","CCD"
"4273864442133283",-20.53,1460968967409,"Thermae Spa","CCW"
"4273864442133283",-18.15,1460974532847,"GWR","CCW"
"6805794923",-12.38,1461004062249,"Morrisons","CAW"
"4273864442133283",-27.1,1461080519337,"Burtons","CCW"
"6805794923",-1.56,1461210215463,"Virgin Media","D/D"
"6805794923",-17.66,1461168493918,"National Rail","CAW"
"6805794923",-20.91,1461194960580,"WWF","CAW"
"4273864442133283",-39.71,1461249451148,"Burtons","CCW"
"6805794923",-1.27,1461228530383,"Payment received thank you","CCD"
"4273864442133283",1.27,1461248732890,"Payment received thank you","CCD"
"6805794923",-20.89,1461315085193,"Burtons","CAW"
"6805794923",-13.25,1461329121747,"GWR","CAW"
"6805794923",-9.33,1461260305948,"Morrisons","CAW"
"6805794923",-14.87,1461320713244,"RSPCA","CAW"
"6805794923",-24.22,1461320592206,"Burtons","CAW"
"6805794923",-21.48,1461281608429,"Uber","CAW"
"6805794923",-150.41,1461286032575,"Payment received thank you","CCD"
"4273864442133283",150.41,1461267154807,"Payment received thank you","CCD"
"4273864442133283",-21.24,1461307267206,"Sainsburys","CCW"
"6805794923",-11.85,1461283851997,"Payment received thank you","CCD"
"4273864442133283",11.85,1461307922615,"Payment received thank you","CCD"
"4273864442133283",-41.12,1461318098428,"Hitachi Personal Finance","CCW"
"4273864442133283",-26.93,1461336599153,"Paintball UK","CCW"
"6805794923",-127.15,1461334910126,"Payment received thank you","CCD"
"4273864442133283",127.15,1461258481779,"Payment received thank you","CCD"
"4273864442133283",-10.77,1461288176839,"Cancer Research","CCW"
"4273864442133283",-42.72,1461257049448,"Sainsburys","CCW"
"4273864442133283",-26.86,1461258982549,"Sainsburys","CCW"
"6805794923",-43.46,1461403976883,"M5 GoKarting","CAW"
"4273864442133283",-37.21,1461396612795,"Paintball UK","CCW"
"4273864442133283",-45.48,1461342260991,"American Express","CCW"
"4273864442133283",-14.37,1461382028689,"Paintball UK","CCW"
"6805794923",-10.48,1461420845854,"Payment received thank you","CCD"
"4273864442133283",10.48,1461339566670,"Payment received thank you","CCD"
"4273864442133283",-51.9,1461509460690,"Hitachi Personal Finance","CCW"
"4273864442133283",-9.6,1461494738474,"Cancer Research","CCW"
"6805794923",-20.41,1461556391727,"GWR","CAW"
"6805794923",-20.83,1461566565429,"Cancer Research","CAW"
"4273864442133283",-33.19,1461577007026,"Pizza Express","CCW"
"6805794923",4000,1461665828264,"Salary BACS Payment","BAC"
"4273864442133283",-22.13,1461675069215,"River Island","CCW"
"4273864442133283",-13.86,1461643984732,"National Rail","CCW"
"6805794923",-25.04,1461678295979,"Payment received thank you","CCD"
"4273864442133283",25.04,1461659387613,"Payment received thank you","CCD"
"4273864442133283",-15.73,1461670289314,"Cancer Research","CCW"
"4273864442133283",-31.96,1461616903129,"M5 GoKarting","CCW"
"4273864442133283",-47.64,1461628652143,"Hitachi Personal Finance","CCW"
"6805794923",-48.07,1461794612823,"TicketMaster","CAW"
"6805794923",-11.58,1461785550687,"Cancer Research","CAW"
"6805794923",11.93,1461774651539,"Lori Alexander","CAD"
"4273864442133283",-5.32,1461826615868,"Save the Children","CCW"
"6805794923",-58.16,1461869148419,"Payment received thank you","CCD"
"4273864442133283",58.16,1461918645391,"Payment received thank you","CCD"
"6805794923",-14,1461955543597,"National Rail","CAW"
"6805794923",10.48,1461990418668,"Interest","CAD"
"6805794923",-15.45,1462015041566,"Uber","CAW"
"6805794923",1.99,1461946108758,"Lori Alexander","CAD"
"6805794923",-34.44,1461986790001,"Toni and Guy","CAW"
"4273864442133283",-21.74,1462015818867,"RSPCA","CCW"
"4273864442133283",-30.78,1461988295062,"Morrisons","CCW"
"6805794923",-35.99,1462070262159,"Morrisons","CAW"
"6805794923",-41.9,1462132712335,"Morrisons","CAW"
"6805794923",-20.94,1462135625164,"Pizza Express","CAW"
"6805794923",-40.97,1462164392497,"Morrisons","CAW"
"6805794923",-15.47,1462152367796,"National Rail","CAW"
"6805794923",-25.47,1462157922613,"Oxfam","CAW"
"6805794923",-53.1,1462185758128,"Wonga","CAW"
"4273864442133283",-15.88,1462158799358,"Cancer Research","CCW"
"6805794923",-1200,1462283953403,"Rent","D/D"
"6805794923",-12.54,1462289223294,"Shelter","CAW"
"6805794923",-388.04,1462254388246,"Payment received thank you","CCD"
"4273864442133283",388.04,1462288215649,"Payment received thank you","CCD"
"6805794923",-160.72,1462271200309,"Payment received thank you","CCD"
"4273864442133283",160.72,1462222724511,"Payment received thank you","CCD"
"6805794923",-14.14,1462357378963,"Shelter","CAW"
"6805794923",-35.66,1462332667932,"Pizza Express","CAW"
"4273864442133283",-7.61,1462326932274,"Pizza Express","CCW"
"6805794923",-10.61,1462377272442,"National Rail","CAW"
"6805794923",-12.49,1462404283965,"National Rail","CAW"
"6805794923",-47.19,1462460842017,"Hitachi Personal Finance","CAW"
"6805794923",-8.96,1462461197559,"Uber","CAW"
"6805794923",-30.58,1462426841832,"Morrisons","CAW"
"6805794923",-32.93,1462509176046,"Thermae Spa","CAW"
"6805794923",-33.89,1462502226646,"TicketMaster","CAW"
"4273864442133283",-17.01,1462502487063,"Morrisons","CCW"
"6805794923",-3.65,1462466950181,"Payment received thank you","CCD"
"4273864442133283",3.65,1462474469839,"Payment received thank you","CCD"
"4273864442133283",-10.1,1462626220183,"WWF","CCW"
"4273864442133283",-11.19,1462691955531,"Cancer Research","CCW"
"4273864442133283",-13.95,1462648555699,"Uber","CCW"
"4273864442133283",-8.9,1462668415068,"Morrisons","CCW"
"6805794923",-5.79,1462672572222,"Payment received thank you","CCD"
"4273864442133283",5.79,1462666614212,"Payment received thank you","CCD"
"6805794923",-34.09,1462750889190,"Pizza Express","CAW"
"6805794923",1.95,1462745772393,"Nicole Bailey","CAD"
"6805794923",-30.43,1462741882883,"River Island","CAW"
"6805794923",-51.05,1462780318332,"Payment received thank you","CCD"
"4273864442133283",51.05,1462726017175,"Payment received thank you","CCD"
"6805794923",-27.02,1462849463919,"Toni and Guy","CAW"
"6805794923",-29.06,1462877962402,"Dorothy Perkins","CAW"
"6805794923",-43.09,1462839069668,"Hitachi Personal Finance","CAW"
"4273864442133283",-17.57,1462857743423,"Oxfam","CCW"
"4273864442133283",-16.84,1462940425254,"National Rail","CCW"
"6805794923",-9.17,1463064277139,"Pizza Express","CAW"
"6805794923",-1.05,1463148712827,"Sky Digital","D/D"
"6805794923",0.42,1463156860633,"Denise Patterson","CAD"
"6805794923",-26.75,1463163936198,"Burtons","CAW"
"6805794923",-50.05,1463201746831,"Burtons","CAW"
"6805794923",-15.22,1463202186417,"Oxfam","CAW"
"6805794923",-54.57,1463160289575,"Wonga","CAW"
"6805794923",-90.14,1463220462759,"Payment received thank you","CCD"
"4273864442133283",90.14,1463189576564,"Payment received thank you","CCD"
"4273864442133283",-10.08,1463235769098,"Save the Children","CCW"
"4273864442133283",-53.78,1463293973916,"Hitachi Personal Finance","CCW"
"89716826",0,1463242362509,"Transfer from Current Account to Savings","SAW"
"6805794923",0,1463285494235,"Transfer from Current Account to Savings","SAW"
"6805794923",-17.52,1463407354431,"British Gas","D/D"
"6805794923",-35.33,1463335744521,"Toni and Guy","CAW"
"6805794923",-17.03,1463481411917,"RSPCA","CAW"
"6805794923",-25.34,1463557843283,"Save the Children","CAW"
"6805794923",-19.33,1463509978172,"WWF","CAW"
"6805794923",-41.26,1463504299454,"Toni and Guy","CAW"
"6805794923",-56.25,1463606556486,"American Express","CAW"
"6805794923",-26.7,1463648321308,"Morrisons","CAW"
"4273864442133283",-33.8,1463614416693,"Thermae Spa","CCW"
"6805794923",-7.79,1463752685258,"Uber","CAW"
"6805794923",-45.78,1463710144953,"TicketMaster","CAW"
"6805794923",-1.56,1463770497863,"Virgin Media","D/D"
"6805794923",-12.09,1463768497954,"Payment received thank you","CCD"
"4273864442133283",12.09,1463792266814,"Payment received thank you","CCD"
"89716826",0,1463789472030,"Transfer from Current Account to Savings","SAW"
"6805794923",0,1463789420146,"Transfer from Current Account to Savings","SAW"
"6805794923",-12.76,1463876043509,"Thermae Spa","CAW"
"6805794923",-12.38,1463871385213,"Cancer Research","CAW"
"6805794923",-40.23,1463859527094,"TicketMaster","CAW"
"4273864442133283",-16.56,1463924223307,"Save the Children","CCW"
"89716826",0,1463902037433,"Transfer from Current Account to Savings","SAW"
"6805794923",0,1463914590380,"Transfer from Current Account to Savings","SAW"
"4273864442133283",-17.7,1463966584311,"Shelter","CCW"
"4273864442133283",-26.29,1464010669822,"Burtons","CCW"
"4273864442133283",-16.52,1463941243404,"WWF","CCW"
"4273864442133283",-44.95,1463949702002,"TicketMaster","CCW"
"6805794923",-36.4,1464037853455,"Burtons","CAW"
"6805794923",-22,1464057135382,"Sainsburys","CAW"
"4273864442133283",-12.66,1464020562894,"RSPCA","CCW"
"6805794923",-19.18,1464170273337,"RSPCA","CAW"
"6805794923",-265.63,1464147213626,"Payment received thank you","CCD"
"4273864442133283",265.63,1464141420664,"Payment received thank you","CCD"
"4273864442133283",-4.28,1464163295447,"Oxfam","CCW"
"4273864442133283",-27.55,1464173337974,"TicketMaster","CCW"
"6805794923",4000,1464205190195,"Salary BACS Payment","BAC"
"6805794923",-42.22,1464191990101,"Wonga","CAW"
"6805794923",-48.12,1464244957918,"Payment received thank you","CCD"
"4273864442133283",48.12,1464266749454,"Payment received thank you","CCD"
"4273864442133283",-34.63,1464254865649,"Toni and Guy","CCW"
"89716826",0,1464202851655,"Transfer from Current Account to Savings","SAW"
"6805794923",0,1464216457863,"Transfer from Current Account to Savings","SAW"
"4273864442133283",-20.54,1464353078255,"M5 GoKarting","CCW"
"4273864442133283",-28.86,1464335802701,"River Island","CCW"
"4273864442133283",-22.55,1464330296443,"Oxfam","CCW"
"4273864442133283",-45.76,1464339084798,"Barclaycard","CCW"
"6805794923",-388.96,1464279364480,"Payment received thank you","CCD"
"4273864442133283",388.96,1464350128547,"Payment received thank you","CCD"
"6805794923",-16.88,1464363604355,"Shelter","CAW"
"6805794923",-44.86,1464513930050,"Wonga","CAW"
"6805794923",-39.38,1464503045010,"Paintball UK","CAW"
"6805794923",-19.22,1464485507641,"Cancer Research","CAW"
"6805794923",-8.6,1464482482184,"River Island","CAW"
"4273864442133283",-22.47,1464494694480,"Pizza Express","CCW"
"6805794923",-44.6,1464572451728,"M5 GoKarting","CAW"
"6805794923",-40.69,1464579221563,"Payment received thank you","CCD"
"4273864442133283",40.69,1464607868841,"Payment received thank you","CCD"
"4273864442133283",-8.54,1464594243095,"Oxfam","CCW"
"4273864442133283",-24.55,1464616216127,"M5 GoKarting","CCW"
"89716826",0,1464615755036,"Transfer from Current Account to Savings","SAW"
"6805794923",0,1464576255947,"Transfer from Current Account to Savings","SAW"
"6805794923",-53.11,1464677467900,"Wonga","CAW"
"6805794923",-114.62,1464632006534,"Payment received thank you","CCD"
"4273864442133283",114.62,1464675212550,"Payment received thank you","CCD"
"4273864442133283",-11.2,1464694944532,"Save the Children","CCW"
"6805794923",0.16,1464720504062,"Interest","CAD"
"6805794923",-30.3,1464734372925,"Dorothy Perkins","CAW"
"6805794923",-13.9,1464782331552,"Shelter","CAW"
"6805794923",-45.71,1464788704698,"Pizza Express","CAW"
"4273864442133283",-25.37,1464778799741,"M5 GoKarting","CCW"
"4273864442133283",-31.42,1464822319544,"River Island","CCW"
"4273864442133283",-20.78,1464864312898,"Boots","CCW"
"6805794923",-1200,1464886499544,"Rent","D/D"
"6805794923",-11.92,1464901906273,"WWF","CAW"
"4273864442133283",-14.08,1464965329352,"Cancer Research","CCW"
"89716826",0,1464915366997,"Transfer from Current Account to Savings","SAW"
"6805794923",0,1464906473925,"Transfer from Current Account to Savings","SAW"
"6805794923",-293.65,1464976417833,"Payment received thank you","CCD"
"4273864442133283",293.65,1464985751027,"Payment received thank you","CCD"
"4273864442133283",-52.51,1465036199034,"Hitachi Personal Finance","CCW"
"4273864442133283",-32.59,1465039748686,"Pizza Express","CCW"
"4273864442133283",-23.87,1465000047129,"TicketMaster","CCW"
"4273864442133283",-23.06,1465074332299,"M5 GoKarting","CCW"
"4273864442133283",-47.86,1465115386244,"American Express","CCW"
"6805794923",-1.87,1465065815817,"Payment received thank you","CCD"
"4273864442133283",1.87,1465109571621,"Payment received thank you","CCD"
"4273864442133283",-14.45,1465169648591,"Thermae Spa","CCW"
"4273864442133283",-9.97,1465162941920,"Uber","CCW"
"6805794923",1.68,1465257220561,"Alan Scott","CAD"
"6805794923",-34.89,1465301394743,"Morrisons","CAW"
"6805794923",-62.28,1465303531047,"Hitachi Personal Finance","CAW"
"6805794923",-15.81,1465229887243,"WWF","CAW"
"4273864442133283",-28.73,1465393933403,"River Island","CCW"
"4273864442133283",-33.23,1465372528731,"Dorothy Perkins","CCW"
"4273864442133283",-54.37,1465385676914,"Wonga","CCW"
"6805794923",-55.97,1465485677911,"Wonga","CAW"
"6805794923",-24.9,1465465885290,"Thermae Spa","CAW"
"6805794923",-15.17,1465446064010,"GWR","CAW"
"4273864442133283",-18.38,1465435902350,"Boots","CCW"
"4273864442133283",-38.08,1465456705298,"M5 GoKarting","CCW"
"6805794923",-11.17,1465433733933,"Payment received thank you","CCD"
"4273864442133283",11.17,1465432770131,"Payment received thank you","CCD"
"6805794923",-6.61,1465512971758,"Shelter","CAW"
"6805794923",-21.24,1465538033253,"Sainsburys","CAW"
"6805794923",-26.02,1465496615700,"Pizza Express","CAW"
"4273864442133283",-22.12,1465503199904,"Sainsburys","CCW"
"6805794923",-27.23,1465647182792,"Sainsburys","CAW"
"6805794923",-24.55,1465578562722,"Toni and Guy","CAW"
"6805794923",-26.71,1465676368512,"Toni and Guy","CAW"
"6805794923",-22,1465696523659,"Paintball UK","CAW"
"6805794923",-1.05,1465809025704,"Sky Digital","D/D"
"6805794923",-10.01,1465795311057,"Oxfam","CAW"
"6805794923",-18.81,1465815927567,"Thermae Spa","CAW"
"6805794923",-44.75,1465921457937,"Hitachi Personal Finance","CAW"
"4273864442133283",-6,1465952244696,"WWF","CCW"
"4273864442133283",-31.09,1465924826616,"Sainsburys","CCW"
"6805794923",-80.64,1465918690345,"Payment received thank you","CCD"
"4273864442133283",80.64,1465984901772,"Payment received thank you","CCD"
"6805794923",-17.52,1466023688434,"British Gas","D/D"
"6805794923",-25.56,1466084497621,"RSPCA","CAW"
"4273864442133283",-11.64,1466052843664,"WWF","CCW"
"4273864442133283",-51.59,1466234308231,"Dorothy Perkins","CCW"
"6805794923",-47.67,1466187373496,"Payment received thank you","CCD"
"4273864442133283",47.67,1466263677559,"Payment received thank you","CCD"
"6805794923",-14.9,1466207804460,"Payment received thank you","CCD"
"4273864442133283",14.9,1466178882005,"Payment received thank you","CCD"
"4273864442133283",-17.81,1466211519563,"TicketMaster","CCW"
"6805794923",-19.2,1466352446720,"RSPCA","CAW"
"6805794923",-37.95,1466360167283,"M5 GoKarting","CAW"
"4273864442133283",-47,1466371272515,"American Express","CCW"
"4273864442133283",-12.24,1466432329448,"WWF","CCW"
"4273864442133283",-17.33,1466420333076,"GWR","CCW"
"4273864442133283",-13.22,1466419603296,"Shelter","CCW"
"4273864442133283",-18.78,1466399127387,"Oxfam","CCW"
"4273864442133283",-14.36,1466434128881,"National Rail","CCW"
"6805794923",-1.56,1466522140586,"Virgin Media","D/D"
"6805794923",-14.33,1466508376098,"National Rail","CAW"
"6805794923",-18.63,1466509783691,"National Rail","CAW"
"4273864442133283",-30.9,1466490158814,"Dorothy Perkins","CCW"
"6805794923",-37.51,1466525136359,"Sainsburys","CAW"
"4273864442133283",-14.56,1466554512450,"Shelter","CCW"
"6805794923",-25.74,1466653333369,"Burtons","CAW"
"6805794923",-30.35,1466632150937,"Boots","CAW"
"6805794923",-7.1,1466636580162,"Uber","CAW"
"4273864442133283",-18.34,1466651834852,"Save the Children","CCW"
"4273864442133283",-18.12,1466737403673,"GWR","CCW"
"4273864442133283",-33.28,1466769497031,"TicketMaster","CCW"
"4273864442133283",-56.71,1466734469692,"Hitachi Personal Finance","CCW"
"6805794923",-46.76,1466743622492,"Payment received thank you","CCD"
"4273864442133283",46.76,1466756202443,"Payment received thank you","CCD"
"4273864442133283",-34.55,1466729634371,"River Island","CCW"
"4273864442133283",-30.55,1466706340350,"Toni and Guy","CCW"
"4273864442133283",-30.86,1466810371608,"Pizza Express","CCW"
"4273864442133283",-60.1,1466826827168,"Hitachi Personal Finance","CCW"
"4273864442133283",-29.17,1466800697588,"Dorothy Perkins","CCW"
"4273864442133283",-20.48,1466848011124,"Cancer Research","CCW"
"4273864442133283",-14.72,1466790330674,"GWR","CCW"
"6805794923",-23.36,1466860147513,"Payment received thank you","CCD"
"4273864442133283",23.36,1466858509867,"Payment received thank you","CCD"
"4273864442133283",-47.89,1466831805532,"American Express","CCW"
"6805794923",4000,1466932051491,"Salary BACS Payment","BAC"
"4273864442133283",-34.27,1466909081193,"Pizza Express","CCW"
"6805794923",-22.86,1466984150809,"WWF","CAW"
"4273864442133283",-57.86,1466977338929,"Wonga","CCW"
"4273864442133283",-25.76,1467014024235,"Pizza Express","CCW"
"6805794923",-31.12,1467075964531,"River Island","CAW"
"6805794923",-37.91,1467123785998,"Paintball UK","CAW"
"6805794923",-44.08,1467060333168,"Barclaycard","CAW"
"4273864442133283",-40.98,1467107095229,"Sainsburys","CCW"
"6805794923",-283.96,1467115487873,"Payment received thank you","CCD"
"4273864442133283",283.96,1467080405925,"Payment received thank you","CCD"
"4273864442133283",-23.63,1467057222173,"Uber","CCW"
"4273864442133283",-49.63,1467077242494,"River Island","CCW"
"4273864442133283",-28.43,1467068961651,"Dorothy Perkins","CCW"
"6805794923",-39.61,1467171209029,"Thermae Spa","CAW"
"6805794923",-25.28,1467166123785,"Burtons","CAW"
"6805794923",-12.63,1467202793130,"Oxfam","CAW"
"6805794923",-53.48,1467193781660,"Barclaycard","CAW"
"6805794923",-18.23,1467211156465,"Oxfam","CAW"
"4273864442133283",-8.74,1467208962773,"Uber","CCW"
"4273864442133283",-21.99,1467150775718,"Shelter","CCW"
"6805794923",4.8,1467287271949,"Interest","CAD"
"6805794923",-21.77,1467260365392,"GWR","CAW"
"6805794923",-28.04,1467270192867,"Dorothy Perkins","CAW"
"6805794923",-243.34,1467258372603,"Payment received thank you","CCD"
"4273864442133283",243.34,1467244496345,"Payment received thank you","CCD"
"6805794923",-45.82,1467317402850,"TicketMaster","CAW"
"6805794923",-18.43,1467327129003,"Dorothy Perkins","CAW"
"4273864442133283",-39.6,1467301428961,"American Express","CCW"
"6805794923",-1200,1467509341971,"Rent","D/D"
"6805794923",-29.43,1467550061357,"M5 GoKarting","CAW"
"6805794923",-39.68,1467482460870,"Dorothy Perkins","CAW"
"89716826",0,1467512179164,"Transfer from Current Account to Savings","SAW"
"6805794923",0,1467542884424,"Transfer from Current Account to Savings","SAW"
"6805794923",-17.8,1467717440354,"Thermae Spa","CAW"
"6805794923",-25.5,1467722315070,"M5 GoKarting","CAW"
"6805794923",-36.74,1467781371797,"Sainsburys","CAW"
"6805794923",-14.58,1467808886278,"Boots","CAW"
"6805794923",-20.71,1467795910775,"Oxfam","CAW"
"6805794923",-51.25,1467768091754,"Payment received thank you","CCD"
"4273864442133283",51.25,1467741142713,"Payment received thank you","CCD"
"4273864442133283",-40.43,1467762614577,"Burtons","CCW"
"6805794923",-110.19,1467881241320,"Payment received thank you","CCD"
"4273864442133283",110.19,1467903056081,"Payment received thank you","CCD"
"4273864442133283",-19.47,1467905964639,"Pizza Express","CCW"
"4273864442133283",-11.24,1468003338166,"Cancer Research","CCW"
"6805794923",-52.84,1468121462339,"Wonga","CAW"
"6805794923",-6.77,1468157677682,"Payment received thank you","CCD"
"4273864442133283",6.77,1468122835820,"Payment received thank you","CCD"
"6805794923",0.68,1468217906679,"Interest","CAD"
"4273864442133283",-11.97,1468215860631,"National Rail","CCW"
"6805794923",-8.84,1468285257617,"Cancer Research","CAW"
"6805794923",-1.05,1468421494536,"Sky Digital","D/D"
"6805794923",-39.91,1468363982495,"Dorothy Perkins","CAW"
"6805794923",-28.33,1468368740428,"River Island","CAW"
"6805794923",-16.33,1468404226158,"Oxfam","CAW"
"6805794923",-35.28,1468347628851,"Pizza Express","CAW"
"6805794923",-17.92,1468344041073,"Payment received thank you","CCD"
"4273864442133283",17.92,1468355134232,"Payment received thank you","CCD"
"6805794923",-37.31,1468389356105,"Payment received thank you","CCD"
"4273864442133283",37.31,1468375799739,"Payment received thank you","CCD"
"6805794923",-45.75,1468494103397,"Barclaycard","CAW"
"6805794923",-13.47,1468475766623,"Cancer Research","CAW"
"4273864442133283",-40.49,1468437199612,"Thermae Spa","CCW"
"6805794923",-12.74,1468570862736,"National Rail","CAW"
"6805794923",-9.39,1468552471809,"Cancer Research","CAW"
"4273864442133283",-45.29,1468549272834,"Morrisons","CCW"
"4273864442133283",-35.33,1468530670165,"Toni and Guy","CCW"
"4273864442133283",-10.39,1468576613006,"RSPCA","CCW"
"4273864442133283",-19.3,1468591853425,"Cancer Research","CCW"
"6805794923",-17.52,1468635272375,"British Gas","D/D"
"6805794923",-56.08,1468604724383,"Hitachi Personal Finance","CAW"
"4273864442133283",-47.75,1468636476829,"TicketMaster","CCW"
"4273864442133283",-22.41,1468741586482,"WWF","CCW"
"4273864442133283",-9.87,1468732988612,"Uber","CCW"
"6805794923",-44.35,1468826211741,"Payment received thank you","CCD"
"4273864442133283",44.35,1468781913017,"Payment received thank you","CCD"
"4273864442133283",-42.89,1468854054032,"M5 GoKarting","CCW"
"4273864442133283",-42.02,1468794593279,"Sainsburys","CCW"
"4273864442133283",-30.07,1468827541657,"Boots","CCW"
"4273864442133283",-43.39,1468830745382,"River Island","CCW"
"4273864442133283",-11.1,1468853085482,"WWF","CCW"
"6805794923",-156.49,1468837520803,"Payment received thank you","CCD"
"4273864442133283",156.49,1468808729202,"Payment received thank you","CCD"
"4273864442133283",-35.25,1468809439666,"Morrisons","CCW"
"6805794923",-20.1,1468932592465,"RSPCA","CAW"
"6805794923",-47.73,1468937182873,"Barclaycard","CAW"
"6805794923",1.51,1468930832300,"Nicole Bailey","CAD"
"6805794923",-39.57,1468866925988,"Burtons","CAW"
"6805794923",-31.47,1468869121744,"Morrisons","CAW"
"4273864442133283",-12.42,1468939913758,"RSPCA","CCW"
"6805794923",-479.51,1468898403040,"Payment received thank you","CCD"
"4273864442133283",479.51,1468907890940,"Payment received thank you","CCD"
"4273864442133283",-32.47,1468927873366,"M5 GoKarting","CCW"
"4273864442133283",-32.31,1468893652992,"Sainsburys","CCW"
"4273864442133283",-23.57,1468931111924,"Uber","CCW"
"4273864442133283",-22.45,1468870936104,"WWF","CCW"
"6805794923",-84.91,1469001129394,"Payment received thank you","CCD"
"4273864442133283",84.91,1468973642103,"Payment received thank you","CCD"
"4273864442133283",-35.44,1468980377031,"Burtons","CCW"
"4273864442133283",-24.11,1469018731837,"WWF","CCW"
"4273864442133283",-41.99,1468974015922,"Morrisons","CCW"
"4273864442133283",-20.65,1468967567115,"Burtons","CCW"
"6805794923",-1.56,1469041525652,"Virgin Media","D/D"
"6805794923",-10.97,1469066068440,"Cancer Research","CAW"
"4273864442133283",-22.75,1469034201792,"Burtons","CCW"
"4273864442133283",-29.69,1469072491141,"Morrisons","CCW"
"6805794923",10.94,1469280780031,"Brenda Ward","CAD"
"6805794923",-16.61,1469201918515,"Shelter","CAW"
"6805794923",-67.3,1469247465308,"Payment received thank you","CCD"
"4273864442133283",67.3,1469254050136,"Payment received thank you","CCD"
"6805794923",-24.36,1469311839154,"Burtons","CAW"
"6805794923",-16.3,1469343083043,"WWF","CAW"
"4273864442133283",-18.06,1469331398419,"GWR","CCW"
"6805794923",-164.79,1469376656822,"Payment received thank you","CCD"
"4273864442133283",164.79,1469418836571,"Payment received thank you","CCD"
"4273864442133283",-49.76,1469451115164,"American Express","CCW"
"6805794923",4000,1469476922461,"Salary BACS Payment","BAC"
"6805794923",8.25,1469477428655,"Interest","CAD"
"6805794923",-12.52,1469503299986,"Shelter","CAW"
"6805794923",-105.9,1469594471046,"Payment received thank you","CCD"
"4273864442133283",105.9,1469595874183,"Payment received thank you","CCD"
"6805794923",-12.27,1469684401986,"Shelter","CAW"
"4273864442133283",-42.33,1469716234139,"Boots","CCW"
"6805794923",-54.84,1469750505379,"Hitachi Personal Finance","CAW"
"6805794923",-55.01,1469727249608,"Wonga","CAW"
"4273864442133283",-10.3,1469730833187,"River Island","CCW"
"6805794923",-3.5,1469879274420,"RSPCA","CAW"
"4273864442133283",-50.1,1469820111658,"Hitachi Personal Finance","CCW"
"6805794923",-85.73,1469839632368,"Payment received thank you","CCD"
"4273864442133283",85.73,1469861522109,"Payment received thank you","CCD"
"4273864442133283",-9.9,1470034063770,"Cancer Research","CCW"
"6805794923",-20.35,1470081405077,"Save the Children","CAW"
"6805794923",-35.12,1470126277549,"Toni and Guy","CAW"
"6805794923",-17.58,1470095730800,"GWR","CAW"
"6805794923",-109.76,1470146031760,"Payment received thank you","CCD"
"4273864442133283",109.76,1470140849701,"Payment received thank you","CCD"
"4273864442133283",-40.2,1470076014820,"Burtons","CCW"
"6805794923",-1200,1470194779625,"Rent","D/D"
"6805794923",-28.91,1470221882763,"M5 GoKarting","CAW"
"6805794923",-134.46,1470228831652,"Payment received thank you","CCD"
"4273864442133283",134.46,1470209682571,"Payment received thank you","CCD"
"4273864442133283",-6.68,1470257537959,"Save the Children","CCW"
"6805794923",-20.22,1470328839113,"Cancer Research","CAW"
"6805794923",3.24,1470353246778,"Interest","CAD"
"4273864442133283",-14.46,1470378412872,"Uber","CCW"
"4273864442133283",-13.32,1470389124998,"RSPCA","CCW"
"4273864442133283",-43.72,1470425279466,"Sainsburys","CCW"
"4273864442133283",-32.19,1470576907396,"Burtons","CCW"
"4273864442133283",-23.51,1470527601895,"TicketMaster","CCW"
"6805794923",-29.1,1470524455040,"Payment received thank you","CCD"
"4273864442133283",29.1,1470499645002,"Payment received thank you","CCD"
"6805794923",-18.12,1470658703221,"Cancer Research","CAW"
"4273864442133283",-6.42,1470602821863,"Cancer Research","CCW"
"6805794923",-30.4,1470748439424,"TicketMaster","CAW"
"6805794923",2.18,1470687966277,"Brenda Ward","CAD"
"6805794923",3.96,1470919394571,"Brenda Ward","CAD"
"4273864442133283",-32.32,1470886765248,"Paintball UK","CCW"
"6805794923",-45.96,1470969184586,"Barclaycard","CAW"
"4273864442133283",-15.1,1470967491621,"Oxfam","CCW"
"6805794923",-1.05,1471063081543,"Sky Digital","D/D"
"6805794923",-36.68,1471182824727,"Boots","CAW"
"6805794923",-41.66,1471132186341,"Wonga","CAW"
"6805794923",-12.95,1471151937110,"Save the Children","CAW"
"4273864442133283",-40.97,1471167943237,"Barclaycard","CCW"
"4273864442133283",-17.15,1471104106913,"Uber","CCW"
"6805794923",-28.35,1471274047960,"Payment received thank you","CCD"
"4273864442133283",28.35,1471227843786,"Payment received thank you","CCD"
"6805794923",-17.52,1471302652677,"British Gas","D/D"
"4273864442133283",-12.83,1471438192138,"River Island","CCW"
"4273864442133283",-41.44,1471397482585,"Pizza Express","CCW"
"89716826",0,1471411539268,"Transfer from Current Account to Savings","SAW"
"6805794923",0,1471396414808,"Transfer from Current Account to Savings","SAW"
"6805794923",-32.67,1471507729481,"TicketMaster","CAW"
"6805794923",-20.29,1471505335818,"WWF","CAW"
"4273864442133283",-25.14,1471459737299,"River Island","CCW"
"4273864442133283",-26.49,1471678170205,"Sainsburys","CCW"
"6805794923",-1.56,1471716340750,"Virgin Media","D/D"
"6805794923",-26.31,1471769428424,"TicketMaster","CAW"
"6805794923",-11.52,1471850433262,"Shelter","CAW"
"4273864442133283",-9.67,1471801363599,"Save the Children","CCW"
"6805794923",-39.18,1471977312305,"Toni and Guy","CAW"
"6805794923",-39.02,1472013433892,"Payment received thank you","CCD"
"4273864442133283",39.02,1471991718649,"Payment received thank you","CCD"
"6805794923",4000,1472175728948,"Salary BACS Payment","BAC"
"6805794923",-43.51,1472212562048,"Toni and Guy","CAW"
"4273864442133283",-54.46,1472141905127,"Hitachi Personal Finance","CCW"
"4273864442133283",-24.8,1472295321443,"Thermae Spa","CCW"
"4273864442133283",-53.82,1472420209843,"Hitachi Personal Finance","CCW"
"6805794923",-20.9,1472487687109,"Uber","CAW"
"4273864442133283",-48.44,1472496538723,"Wonga","CCW"
"4273864442133283",-46.34,1472505255957,"Paintball UK","CCW"
"6805794923",17.49,1472591331128,"Lori Alexander","CAD"
"4273864442133283",-46.08,1472668305533,"Paintball UK","CCW"
"6805794923",-1200,1472864976806,"Rent","D/D"
"6805794923",-16.18,1472842707435,"Save the Children","CAW"
"4273864442133283",-14.88,1472905570907,"GWR","CCW"
"6805794923",-201.99,1472884449421,"Payment received thank you","CCD"
"4273864442133283",201.99,1472912290728,"Payment received thank you","CCD"
"4273864442133283",-28.12,1472865114956,"Pizza Express","CCW"
"6805794923",-22.74,1472954037474,"Toni and Guy","CAW"
"6805794923",-19.64,1472948427463,"National Rail","CAW"
"6805794923",-14.83,1472941523465,"Toni and Guy","CAW"
"6805794923",-30.91,1473045733355,"Pizza Express","CAW"
"6805794923",-38.51,1473045237121,"Thermae Spa","CAW"
"6805794923",-21.34,1473025878255,"River Island","CAW"
"4273864442133283",-51.69,1473105929327,"River Island","CCW"
"4273864442133283",-9.69,1473152886627,"RSPCA","CCW"
"4273864442133283",-20.56,1473165420349,"Boots","CCW"
"4273864442133283",-25.73,1473106452897,"Burtons","CCW"
"6805794923",-46.69,1473316837811,"Boots","CAW"
"6805794923",-4.66,1473331228912,"Save the Children","CAW"
"4273864442133283",-16.49,1473347575151,"Shelter","CCW"
"6805794923",-11.27,1473352226021,"National Rail","CAW"
"6805794923",-24.35,1473396636526,"Dorothy Perkins","CAW"
"6805794923",-60.27,1473381492647,"M5 GoKarting","CAW"
"6805794923",-15.37,1473377582182,"National Rail","CAW"
"6805794923",-151.93,1473362484469,"Payment received thank you","CCD"
"4273864442133283",151.93,1473416219083,"Payment received thank you","CCD"
"6805794923",-245.52,1473424077104,"Payment received thank you","CCD"
"4273864442133283",245.52,1473416616864,"Payment received thank you","CCD"
"4273864442133283",-46.34,1473379814250,"Morrisons","CCW"
"6805794923",0.84,1473488616894,"Lori Alexander","CAD"
"4273864442133283",-23.98,1473457463931,"River Island","CCW"
"6805794923",-21.61,1473569134265,"National Rail","CAW"
"4273864442133283",-51.36,1473555309577,"Hitachi Personal Finance","CCW"
"4273864442133283",-49.68,1473567549591,"Wonga","CCW"
"4273864442133283",-8.7,1473549781064,"Shelter","CCW"
"4273864442133283",-37.95,1473585595708,"River Island","CCW"
"6805794923",-18.61,1473659323637,"RSPCA","CAW"
"6805794923",-18,1473609343408,"RSPCA","CAW"
"6805794923",-34.62,1473683185879,"M5 GoKarting","CAW"
"6805794923",9.36,1473614798888,"Brenda Ward","CAD"
"4273864442133283",-38.98,1473669038246,"TicketMaster","CCW"
"4273864442133283",-44.56,1473672505792,"Wonga","CCW"
"4273864442133283",-37.65,1473611944010,"Toni and Guy","CCW"
"6805794923",-1.05,1473775904944,"Sky Digital","D/D"
"6805794923",-18.97,1473724900301,"Cancer Research","CAW"
"6805794923",-51.81,1473741023304,"Wonga","CAW"
"6805794923",-14.39,1473749971459,"RSPCA","CAW"
"4273864442133283",-50.37,1473726895896,"Hitachi Personal Finance","CCW"
"6805794923",-56.53,1473852128220,"Wonga","CAW"
"4273864442133283",-27.21,1473830951904,"Pizza Express","CCW"
"4273864442133283",-28.23,1473917530355,"M5 GoKarting","CCW"
"6805794923",-17.52,1473984283855,"British Gas","D/D"
"6805794923",-49.46,1474026492614,"TicketMaster","CAW"
"4273864442133283",-50.71,1474008047018,"Barclaycard","CCW"
"4273864442133283",-24.37,1474073906790,"Toni and Guy","CCW"
"6805794923",-48.47,1474162065335,"Barclaycard","CAW"
"6805794923",-10.19,1474235684659,"Cancer Research","CAW"
"6805794923",-37.85,1474316245712,"Boots","CAW"
"4273864442133283",-31.48,1474310484024,"Burtons","CCW"
"6805794923",-1.56,1474444632561,"Virgin Media","D/D"
"6805794923",0.05,1474428495620,"Brenda Ward","CAD"
"6805794923",-16.74,1474464483845,"Pizza Express","CAW"
"6805794923",3.52,1474537093999,"Interest","CAD"
"4273864442133283",-14.77,1474502905862,"Save the Children","CCW"
"6805794923",-13.06,1474586051348,"Cancer Research","CAW"
"6805794923",-12.83,1474681622588,"Oxfam","CAW"
"6805794923",-58.36,1474742493284,"Hitachi Personal Finance","CAW"
"4273864442133283",-22.32,1474815468812,"GWR","CCW"
"4273864442133283",-10.84,1474816204882,"Cancer Research","CCW"
"6805794923",4000,1474842911767,"Salary BACS Payment","BAC"
"4273864442133283",-18.57,1474861112954,"WWF","CCW"
"4273864442133283",-29.52,1474870410001,"Toni and Guy","CCW"
"6805794923",-18.24,1474934244839,"Oxfam","CAW"
"6805794923",-21.08,1474984590555,"Burtons","CAW"
"6805794923",-30.29,1474913473694,"Sainsburys","CAW"
"6805794923",-28.7,1474930391549,"Sainsburys","CAW"
"6805794923",-20.23,1474955718596,"Boots","CAW"
"6805794923",-121.51,1474933134883,"Payment received thank you","CCD"
"4273864442133283",121.51,1474906742360,"Payment received thank you","CCD"
"6805794923",-304.24,1474968011500,"Payment received thank you","CCD"
"4273864442133283",304.24,1474965558178,"Payment received thank you","CCD"
"4273864442133283",-52.85,1475048989298,"American Express","CCW"
"4273864442133283",-34.17,1475004422095,"River Island","CCW"
"4273864442133283",-18.68,1475058708057,"Cancer Research","CCW"
"4273864442133283",-1.02,1475068178413,"Oxfam","CCW"
"4273864442133283",-26.01,1475024288346,"Paintball UK","CCW"
"6805794923",-17.93,1475138083958,"Morrisons","CAW"
"4273864442133283",-14.36,1475143022219,"WWF","CCW"
"4273864442133283",-34.44,1475151516564,"Boots","CCW"
"6805794923",4.01,1475191902929,"Denise Patterson","CAD"
"4273864442133283",-23,1475207902275,"WWF","CCW"
"4273864442133283",-45.25,1475214990224,"Paintball UK","CCW"
"6805794923",-10.6,1475317138332,"Oxfam","CAW"
"6805794923",-59.86,1475286270181,"Payment received thank you","CCD"
"4273864442133283",59.86,1475251376289,"Payment received thank you","CCD"
"4273864442133283",-29.19,1475400122042,"River Island","CCW"
"6805794923",-12.72,1475405113345,"Payment received thank you","CCD"
"4273864442133283",12.72,1475396314575,"Payment received thank you","CCD"
"6805794923",-1200,1475503521806,"Rent","D/D"
"6805794923",-19.72,1475456832668,"National Rail","CAW"
"6805794923",-15.73,1475516051617,"Burtons","CAW"
"6805794923",-27.03,1475515015945,"River Island","CAW"
"6805794923",-12.32,1475516698891,"Burtons","CAW"
"6805794923",-65.22,1475591021268,"Payment received thank you","CCD"
"4273864442133283",65.22,1475581471947,"Payment received thank you","CCD"
"4273864442133283",-8.91,1475668126446,"GWR","CCW"
"6805794923",-10.36,1475697835050,"Uber","CAW"
"6805794923",-14.74,1475723653734,"Shelter","CAW"
"4273864442133283",-13.77,1475701052324,"Cancer Research","CCW"
"4273864442133283",-12.1,1475828633544,"TicketMaster","CCW"
"4273864442133283",-8.39,1475823417387,"RSPCA","CCW"
"4273864442133283",-15.17,1475867326289,"RSPCA","CCW"
"6805794923",-18.67,1476076494752,"RSPCA","CAW"
"4273864442133283",-31.58,1476034372946,"Dorothy Perkins","CCW"
"4273864442133283",-22.48,1476147781292,"TicketMaster","CCW"
"6805794923",-26.71,1476208100577,"Payment received thank you","CCD"
"4273864442133283",26.71,1476249040976,"Payment received thank you","CCD"
"6805794923",-1.05,1476342115472,"Sky Digital","D/D"
"6805794923",-18.6,1476401637216,"GWR","CAW"
"6805794923",-22.51,1476404150869,"Morrisons","CAW"
"6805794923",6.47,1476402364009,"Nicole Bailey","CAD"
"6805794923",-17.52,1476591714999,"British Gas","D/D"
"6805794923",-21.87,1476609277189,"Burtons","CAW"
"4273864442133283",-54.6,1476626347555,"Hitachi Personal Finance","CCW"
"6805794923",-22.5,1476634522844,"Payment received thank you","CCD"
"4273864442133283",22.5,1476698870198,"Payment received thank you","CCD"
"4273864442133283",-15.42,1476704472510,"RSPCA","CCW"
"4273864442133283",-46.12,1476686342049,"TicketMaster","CCW"
"4273864442133283",-13.01,1476793498956,"Toni and Guy","CCW"
"4273864442133283",-23.18,1476770410847,"Morrisons","CCW"
"6805794923",0.86,1476820092868,"Lori Alexander","CAD"
"6805794923",-17.87,1476858259578,"Burtons","CAW"
"4273864442133283",-7.02,1476884062807,"RSPCA","CCW"
"6805794923",-32.09,1476911105796,"M5 GoKarting","CAW"
"4273864442133283",-29.44,1476944836779,"Pizza Express","CCW"
"6805794923",-64.19,1476970737503,"Payment received thank you","CCD"
"4273864442133283",64.19,1476893953903,"Payment received thank you","CCD"
"6805794923",-1.56,1477033291297,"Virgin Media","D/D"
"4273864442133283",-29.92,1477005764120,"TicketMaster","CCW"
"4273864442133283",-14.3,1477053498336,"Shelter","CCW"
"4273864442133283",-11.49,1476989543804,"Oxfam","CCW"
"4273864442133283",-27.51,1477058001118,"TicketMaster","CCW"
"4273864442133283",-8.7,1476982119360,"Cancer Research","CCW"
"4273864442133283",-47.94,1477221189269,"TicketMaster","CCW"
"6805794923",-12.27,1477282270379,"Cancer Research","CAW"
"6805794923",-46.32,1477344904643,"American Express","CAW"
"6805794923",-24.73,1477365392423,"Pizza Express","CAW"
"6805794923",-3.71,1477396709593,"Oxfam","CAW"
"6805794923",-16.13,1477387540443,"Save the Children","CAW"
"6805794923",-27.34,1477403973873,"Dorothy Perkins","CAW"
"6805794923",4000,1477444204090,"Salary BACS Payment","BAC"
"6805794923",-25.77,1477538536809,"TicketMaster","CAW"
"6805794923",-46.32,1477635587329,"Hitachi Personal Finance","CAW"
"6805794923",-18.23,1477677867593,"Paintball UK","CAW"
"4273864442133283",-8.46,1477678380347,"Oxfam","CCW"
"6805794923",-48.21,1477822015799,"Burtons","CAW"
"6805794923",-46.27,1477788558590,"Wonga","CAW"
"6805794923",-21.73,1477893455731,"WWF","CAW"
"4273864442133283",-13.36,1477953553404,"Cancer Research","CCW"
"6805794923",-1200,1478164596983,"Rent","D/D"
"6805794923",-22.16,1478178113580,"National Rail","CAW"
"4273864442133283",-12.92,1478166671506,"Oxfam","CCW"
"4273864442133283",-26.77,1478292298934,"Thermae Spa","CCW"
"6805794923",-35.29,1478371837935,"Thermae Spa","CAW"
"4273864442133283",-18.12,1478374599864,"WWF","CCW"
"4273864442133283",-29.8,1478369532806,"River Island","CCW"
"6805794923",-19.41,1478461162461,"Paintball UK","CAW"
"4273864442133283",-33.15,1478525023944,"Boots","CCW"
"4273864442133283",-13.4,1478530973194,"Cancer Research","CCW"
"6805794923",-58.75,1478459116713,"Payment received thank you","CCD"
"4273864442133283",58.75,1478526321556,"Payment received thank you","CCD"
"6805794923",-52.07,1478548612137,"Hitachi Personal Finance","CAW"
"6805794923",-54.79,1478552441256,"River Island","CAW"
"6805794923",-22.71,1478615467252,"RSPCA","CAW"
"6805794923",-34.99,1478535530101,"Dorothy Perkins","CAW"
"4273864442133283",-47.57,1478596569571,"Pizza Express","CCW"
"6805794923",-45.73,1478623281384,"Hitachi Personal Finance","CAW"
"4273864442133283",-48.55,1478638406432,"Boots","CCW"
"4273864442133283",-16.25,1478643590732,"WWF","CCW"
"4273864442133283",-43.82,1478788883989,"Dorothy Perkins","CCW"
"4273864442133283",-17.99,1478769086846,"Toni and Guy","CCW"
"6805794923",3.66,1478843313629,"Lori Alexander","CAD"
"4273864442133283",-24.9,1478840097587,"TicketMaster","CCW"
"6805794923",-51.63,1478946519097,"Wonga","CAW"
"6805794923",-184.48,1478934705578,"Payment received thank you","CCD"
"4273864442133283",184.48,1478957093853,"Payment received thank you","CCD"
"6805794923",-1.05,1479041205098,"Sky Digital","D/D"
"6805794923",-25.67,1478990679054,"Burtons","CAW"
"6805794923",-31.36,1479079821496,"Dorothy Perkins","CAW"
"6805794923",-217.04,1479194687506,"Payment received thank you","CCD"
"4273864442133283",217.04,1479169219401,"Payment received thank you","CCD"
"6805794923",-17.52,1479252695288,"British Gas","D/D"
"6805794923",-31.72,1479281328891,"Sainsburys","CAW"
"6805794923",-17.33,1479286917608,"Payment received thank you","CCD"
"4273864442133283",17.33,1479273342804,"Payment received thank you","CCD"
"4273864442133283",-35.73,1479453787434,"TicketMaster","CCW"