"account","amount","date","description","type"
"9152783315",-18.22,1447918695189,"Primark","CAW"
"9152783315",-69.86,1447938189344,"Payment received thank you","CCD"
"4904586269960133",69.86,1447942226330,"Payment received thank you","CCD"
"4904586269960133",-10.99,1447874511608,"Cancer Research","CCW"
"9152783315",-125.12,1447861194757,"Payment received thank you","CCD"
"4590289553154174",125.12,1447862101073,"Payment received thank you","CCD"
"58876425",-0.76,1447919181692,"Transfer from Current Account to Savings","SAW"
"9152783315",0.76,1447893801312,"Transfer from Current Account to Savings","SAW"
"58876425",-16.71,1447884892040,"Transfer from Current Account to Savings","SAW"
"9152783315",16.71,1447881041391,"Transfer from Current Account to Savings","SAW"
"9152783315",-5.91,1447983215750,"Arriva Wales","CAW"
"9152783315",0.3,1447999972282,"Nicole Bailey","CAD"
"4590289553154174",-4.61,1447977850903,"Oxfam","CCW"
"4590289553154174",-15.77,1447952905589,"Supercuts","CCW"
"82620766",-0.77,1447975243407,"Transfer from Current Account to Savings","SAW"
"9152783315",0.77,1447964411086,"Transfer from Current Account to Savings","SAW"
"9152783315",-6.58,1448107831631,"Barclaycard","CAW"
"9152783315",-1.09,1448107282966,"National Express","CAW"
"4904586269960133",-2.76,1448093270527,"Cancer Research","CCW"
"4904586269960133",-34.84,1448055936972,"Primark","CCW"
"4590289553154174",-5.26,1448080064465,"Oxfam","CCW"
"58876425",-46.09,1448116897540,"Transfer from Current Account to Savings","SAW"
"9152783315",46.09,1448088554032,"Transfer from Current Account to Savings","SAW"
"9152783315",-12.92,1448149841761,"Wonga","CAW"
"9152783315",-2.71,1448132872279,"Cancer Research","CAW"
"9152783315",-9.87,1448190732288,"Primark","CAW"
"9152783315",-159.74,1448153230962,"Payment received thank you","CCD"
"4904586269960133",159.74,1448128762917,"Payment received thank you","CCD"
"4590289553154174",-3.02,1448202345723,"Oxfam","CCW"
"4590289553154174",-4.29,1448252688666,"Primark","CCW"
"4590289553154174",-17.35,1448233772048,"Bodyshop","CCW"
"4590289553154174",-11.48,1448278298611,"Wonga","CCW"
"4590289553154174",-7.6,1448272611908,"Bodyshop","CCW"
"4590289553154174",-2.66,1448244385512,"Arriva Wales","CCW"
"4590289553154174",-9.71,1448291651712,"Cancer Research","CCW"
"58876425",-6.68,1448223041785,"Transfer from Current Account to Savings","SAW"
"9152783315",6.68,1448224709324,"Transfer from Current Account to Savings","SAW"
"9152783315",0.55,1448351190376,"Lori Alexander","CAD"
"9152783315",-6.94,1448347379073,"National Express","CAW"
"9152783315",0.1,1448357193913,"Interest","CAD"
"4904586269960133",-4.3,1448321836233,"RSPCA","CCW"
"4904586269960133",-22.91,1448338324973,"M5 GoKarting","CCW"
"4590289553154174",-17.6,1448359086891,"Superdrug","CCW"
"4590289553154174",-13.38,1448305486298,"American Express","CCW"
"4590289553154174",-31.29,1448308633100,"Paintball UK","CCW"
"9152783315",-3.28,1448392350611,"Arriva Wales","CAW"
"9152783315",2000,1448529347539,"Salary BACS Payment","BAC"
"9152783315",-39.39,1448517461208,"Virgin Media","D/D"
"9152783315",-32.88,1448545547551,"Pizza Express","CAW"
"9152783315",-13.71,1448487058767,"Matalan","CAW"
"9152783315",-0.92,1448476590287,"WWF","CAW"
"4904586269960133",-2.31,1448496933626,"Save the Children","CCW"
"4904586269960133",-2.97,1448530954756,"National Express","CCW"
"4590289553154174",-37.18,1448543092490,"M5 GoKarting","CCW"
"9152783315",-62.71,1448487243876,"Payment received thank you","CCD"
"4590289553154174",62.71,1448514097138,"Payment received thank you","CCD"
"4590289553154174",-3.01,1448533542139,"Cancer Research","CCW"
"82620766",-7.7,1448474403430,"Transfer from Current Account to Savings","SAW"
"9152783315",7.7,1448471746741,"Transfer from Current Account to Savings","SAW"
"9152783315",-3.64,1448593613793,"WWF","CAW"
"9152783315",-9.42,1448607644013,"American Express","CAW"
"9152783315",-7.07,1448560103818,"Sports Direct","CAW"
"4590289553154174",-7.31,1448577459805,"National Express","CCW"
"4590289553154174",-5.7,1448577568440,"Superdrug","CCW"
"4590289553154174",-17.53,1448586884620,"Matalan","CCW"
"58876425",-2.54,1448605037646,"Transfer from Current Account to Savings","SAW"
"9152783315",2.54,1448590601782,"Transfer from Current Account to Savings","SAW"
"82620766",-10.31,1448597844438,"Transfer from Current Account to Savings","SAW"
"9152783315",10.31,1448613303511,"Transfer from Current Account to Savings","SAW"
"9152783315",-48.45,1448709416360,"NBS Personal Loan","D/D"
"9152783315",0.46,1448670860847,"Interest","CAD"
"4904586269960133",-8.72,1448644288222,"MegaBus","CCW"
"4904586269960133",-21,1448701307982,"Primark","CCW"
"4904586269960133",-36.72,1448642365659,"Morrisons","CCW"
"4904586269960133",-12.39,1448693439580,"Bodyshop","CCW"
"4904586269960133",-38.96,1448700948240,"TicketMaster","CCW"
"4904586269960133",-0.01,1448721721586,"Matalan","CCW"
"4590289553154174",-30.91,1448656263004,"Matalan","CCW"
"4590289553154174",-0.01,1448661156866,"Bodyshop","CCW"
"82620766",-6.2,1448708769060,"Transfer from Current Account to Savings","SAW"
"9152783315",6.2,1448678855751,"Transfer from Current Account to Savings","SAW"
"9152783315",-22.11,1448755626674,"Primark","CAW"
"9152783315",-10.43,1448786264304,"American Express","CAW"
"9152783315",-263.81,1448731844140,"Payment received thank you","CCD"
"4590289553154174",263.81,1448786943544,"Payment received thank you","CCD"
"4590289553154174",-23.42,1448744718887,"TicketMaster","CCW"
"4590289553154174",-4.42,1448770230013,"Save the Children","CCW"
"4590289553154174",-34.35,1448758280168,"Morrisons","CCW"
"9152783315",-125.72,1448725702324,"Payment received thank you","CCD"
"4590289553154174",125.72,1448809079516,"Payment received thank you","CCD"
"4590289553154174",-0.01,1448781017547,"Cancer Research","CCW"
"4590289553154174",-16.92,1448870334647,"Cancer Research","CCW"
"4590289553154174",-21.61,1448850785768,"Matalan","CCW"
"4590289553154174",-5.51,1448896434154,"Arriva Wales","CCW"
"9152783315",-5.42,1448902942011,"National Express","CAW"
"9152783315",-11.47,1448906831910,"Payment received thank you","CCD"
"4904586269960133",11.47,1448932771322,"Payment received thank you","CCD"
"4590289553154174",-4.14,1448944697620,"National Express","CCW"
"9152783315",-18.18,1449036984262,"Pizza Express","CAW"
"4590289553154174",-12.22,1449005861200,"WWF","CCW"
"4904586269960133",-5.43,1449075625195,"Oxfam","CCW"
"4904586269960133",-5.13,1449081854920,"Arriva Wales","CCW"
"9152783315",-110.15,1449089925727,"Payment received thank you","CCD"
"4590289553154174",110.15,1449111120823,"Payment received thank you","CCD"
"4590289553154174",-11.52,1449127846876,"Cancer Research","CCW"
"4590289553154174",-1.15,1449075897613,"Cancer Research","CCW"
"82620766",-19.8,1449124049667,"Transfer from Current Account to Savings","SAW"
"9152783315",19.8,1449151342246,"Transfer from Current Account to Savings","SAW"
"9152783315",-44.62,1449179446209,"TV Licence","D/D"
"9152783315",-11.74,1449170653162,"Save the Children","CAW"
"4904586269960133",-19.57,1449185063684,"Matalan","CCW"
"4904586269960133",-4.11,1449186315609,"Cancer Research","CCW"
"9152783315",-76.63,1449242792364,"Payment received thank you","CCD"
"4904586269960133",76.63,1449236211260,"Payment received thank you","CCD"
"4590289553154174",-4.14,1449158558283,"Superdrug","CCW"
"4590289553154174",-2.61,1449183367189,"American Express","CCW"
"4590289553154174",-8.49,1449237797976,"MegaBus","CCW"
"82620766",-17.34,1449193814979,"Transfer from Current Account to Savings","SAW"
"9152783315",17.34,1449170704011,"Transfer from Current Account to Savings","SAW"
"9152783315",-8.98,1449271656519,"Primark","CAW"
"4904586269960133",-4.47,1449288787457,"Hitachi Personal Finance","CCW"
"4904586269960133",-3.45,1449301654694,"Wonga","CCW"
"4904586269960133",-11,1449272092733,"Supercuts","CCW"
"4590289553154174",-29.07,1449306504863,"Sainsburys","CCW"
"58876425",-1.55,1449304728458,"Transfer from Current Account to Savings","SAW"
"9152783315",1.55,1449297285409,"Transfer from Current Account to Savings","SAW"
"9152783315",-14.53,1449342810596,"Primark","CAW"
"4590289553154174",-0.01,1449409013648,"RSPCA","CCW"
"4590289553154174",-0.01,1449410268004,"Arriva Wales","CCW"
"82620766",-20.93,1449379215342,"Transfer from Current Account to Savings","SAW"
"9152783315",20.93,1449355059122,"Transfer from Current Account to Savings","SAW"
"9152783315",-7.18,1449442447216,"American Express","CAW"
"9152783315",-7.37,1449452066552,"Matalan","CAW"
"9152783315",-27.01,1449489312133,"Sainsburys","CAW"
"9152783315",-44.4,1449425124595,"TicketMaster","CAW"
"9152783315",-12.9,1449419838918,"Supercuts","CAW"
"9152783315",-11.83,1449488764996,"National Express","CAW"
"9152783315",-2.49,1449489144828,"Supercuts","CAW"
"4904586269960133",-2.36,1449496477217,"Oxfam","CCW"
"9152783315",-9.01,1449559076032,"Wonga","CAW"
"9152783315",-12.01,1449528224784,"Wonga","CAW"
"9152783315",-10.39,1449518626563,"Hitachi Personal Finance","CAW"
"4904586269960133",-0.01,1449545335777,"Primark","CCW"
"4904586269960133",-13.68,1449539961281,"Sports Direct","CCW"
"9152783315",-104.3,1449571054796,"Payment received thank you","CCD"
"4904586269960133",104.3,1449551323521,"Payment received thank you","CCD"
"4590289553154174",-5.3,1449522553438,"Arriva Wales","CCW"
"4590289553154174",-3.08,1449547850177,"MegaBus","CCW"
"9152783315",-5.43,1449604801984,"Shelter","CAW"
"9152783315",-6.23,1449641864609,"Sports Direct","CAW"
"9152783315",-15.49,1449604658345,"Supercuts","CAW"
"9152783315",-7.32,1449625974431,"Wonga","CAW"
"4904586269960133",-9.8,1449674540869,"Save the Children","CCW"
"9152783315",-31.43,1449717797563,"Lush","CAW"
"9152783315",-2.8,1449721412912,"WWF","CAW"
"4904586269960133",-4.65,1449712479249,"Save the Children","CCW"
"4590289553154174",-6.87,1449736146932,"WWF","CCW"
"4590289553154174",-4.32,1449722920109,"Shelter","CCW"
"9152783315",-14.81,1449795383100,"Primark","CAW"
"9152783315",-14.48,1449765342367,"Save the Children","CAW"
"9152783315",-24.76,1449788695135,"Sainsburys","CAW"
"9152783315",-0.67,1449819138237,"WWF","CAW"
"9152783315",-9.14,1449823468085,"Oxfam","CAW"
"9152783315",-57.4,1449763640996,"Payment received thank you","CCD"
"4904586269960133",57.4,1449819717940,"Payment received thank you","CCD"
"4590289553154174",-7.5,1449792182000,"MegaBus","CCW"
"4590289553154174",-18.65,1449816481505,"Pizza Express","CCW"
"4590289553154174",-16.72,1449786163329,"Matalan","CCW"
"4590289553154174",-8.3,1449826465735,"Barclaycard","CCW"
"4904586269960133",-27.49,1449910742348,"Sainsburys","CCW"
"9152783315",-542.3,1449903951306,"Payment received thank you","CCD"
"4590289553154174",542.3,1449898074110,"Payment received thank you","CCD"
"4590289553154174",-17.11,1449902056839,"TicketMaster","CCW"
"4590289553154174",-15.21,1449897029020,"Primark","CCW"
"4590289553154174",-30.73,1449906485793,"Paintball UK","CCW"
"4590289553154174",-43.58,1449883256144,"Morrisons","CCW"
"9152783315",-50.46,1449891442845,"Payment received thank you","CCD"
"4590289553154174",50.46,1449849875723,"Payment received thank you","CCD"
"9152783315",-800,1449974628107,"Rent","D/D"
"9152783315",0.49,1449944684092,"Nicole Bailey","CAD"
"9152783315",-14.85,1450030061170,"Thames Water","D/D"
"9152783315",2.05,1450049004419,"Nicole Bailey","CAD"
"4904586269960133",-0.01,1450089231648,"National Express","CCW"
"4590289553154174",-27.56,1450075894344,"Morrisons","CCW"
"9152783315",-22.91,1450187088671,"Sky Digital","D/D"
"4590289553154174",-25.59,1450148199013,"Pizza Express","CCW"
"4590289553154174",-0.01,1450176823305,"National Express","CCW"
"9152783315",4.95,1450234837679,"Alan Scott","CAD"
"9152783315",0.16,1450257151591,"Denise Patterson","CAD"
"4904586269960133",-32.02,1450225295061,"Paintball UK","CCW"
"4904586269960133",-25.53,1450300057716,"Superdrug","CCW"
"4590289553154174",-11.57,1450310110660,"Superdrug","CCW"
"4904586269960133",-0.27,1450446265848,"WWF","CCW"
"4904586269960133",-7.45,1450427819880,"National Express","CCW"
"4590289553154174",-3.15,1450438180156,"Sports Direct","CCW"
"4590289553154174",-24.16,1450420070813,"Paintball UK","CCW"
"4590289553154174",-21.42,1450433581987,"Paintball UK","CCW"
"4590289553154174",-44.32,1450446554020,"Sainsburys","CCW"
"4590289553154174",-0.01,1450512474628,"RSPCA","CCW"
"4590289553154174",-7.73,1450475116485,"American Express","CCW"
"58876425",-49.17,1450475873036,"Transfer from Current Account to Savings","SAW"
"9152783315",49.17,1450484985157,"Transfer from Current Account to Savings","SAW"
"9152783315",1.31,1450560969117,"Alan Scott","CAD"
"9152783315",14.2,1450574447303,"Interest","CAD"
"4904586269960133",-35.21,1450594282663,"Paintball UK","CCW"
"4904586269960133",-34.63,1450585460377,"Paintball UK","CCW"
"4590289553154174",-0.01,1450599341644,"Save the Children","CCW"
"4590289553154174",-21.12,1450612000308,"Bodyshop","CCW"
"58876425",-13.51,1450541546352,"Transfer from Current Account to Savings","SAW"
"9152783315",13.51,1450573395656,"Transfer from Current Account to Savings","SAW"
"82620766",-7.03,1450623427375,"Transfer from Current Account to Savings","SAW"
"9152783315",7.03,1450611275299,"Transfer from Current Account to Savings","SAW"
"4590289553154174",-20.52,1450677858692,"Sports Direct","CCW"
"4590289553154174",-0.01,1450629019888,"MegaBus","CCW"
"4590289553154174",-7.26,1450669820857,"WWF","CCW"
"4590289553154174",-23.63,1450661501586,"Bodyshop","CCW"
"4590289553154174",-37.4,1450703258631,"Sainsburys","CCW"
"58876425",-7.68,1450668877570,"Transfer from Current Account to Savings","SAW"
"9152783315",7.68,1450633027351,"Transfer from Current Account to Savings","SAW"
"9152783315",0.26,1450766330605,"Denise Patterson","CAD"
"4590289553154174",-19.63,1450726829545,"Sainsburys","CCW"
"4590289553154174",-3.6,1450844976198,"MegaBus","CCW"
"4590289553154174",-0.79,1450846963123,"Arriva Wales","CCW"
"4590289553154174",-10.89,1450895178263,"Primark","CCW"
"4590289553154174",-1.78,1450888460526,"RSPCA","CCW"
"9152783315",6.18,1451005252920,"Denise Patterson","CAD"
"9152783315",2.4,1450985085907,"Interest","CAD"
"9152783315",2000,1451129541373,"Salary BACS Payment","BAC"
"9152783315",-39.39,1451107539790,"Virgin Media","D/D"
"9152783315",-2.61,1451142393888,"Morrisons","CAW"
"4590289553154174",-26.57,1451087144515,"Bodyshop","CCW"
"4590289553154174",-13.88,1451118350281,"Supercuts","CCW"
"4590289553154174",-5.62,1451128300418,"RSPCA","CCW"
"82620766",-5.94,1451060770240,"Transfer from Current Account to Savings","SAW"
"9152783315",5.94,1451134938626,"Transfer from Current Account to Savings","SAW"
"9152783315",-5.29,1451165488427,"American Express","CAW"
"9152783315",-29.36,1451171558246,"Sainsburys","CAW"
"9152783315",-83.71,1451161987064,"Payment received thank you","CCD"
"4904586269960133",83.71,1451151779501,"Payment received thank you","CCD"
"4590289553154174",-0.01,1451156274914,"Bodyshop","CCW"
"4590289553154174",-12.89,1451161487627,"Arriva Wales","CCW"
"4590289553154174",-0.01,1451178184502,"Bodyshop","CCW"
"4590289553154174",-9.94,1451190228820,"Shelter","CCW"
"4590289553154174",-1.6,1451189676541,"MegaBus","CCW"
"9152783315",-1.61,1451202518833,"Payment received thank you","CCD"
"4590289553154174",1.61,1451198623797,"Payment received thank you","CCD"
"9152783315",-48.45,1451316607022,"NBS Personal Loan","D/D"
"9152783315",-11.63,1451283186252,"WWF","CAW"
"4904586269960133",-11.46,1451314534327,"Arriva Wales","CCW"
"4590289553154174",-31.26,1451307691018,"Pizza Express","CCW"
"9152783315",-86.98,1451250637467,"Payment received thank you","CCD"
"4590289553154174",86.98,1451266351586,"Payment received thank you","CCD"
"9152783315",-5.04,1451357232142,"Oxfam","CAW"
"9152783315",-2.55,1451317278968,"Barclaycard","CAW"
"4904586269960133",-4.23,1451326610790,"Supercuts","CCW"
"4590289553154174",-2.5,1451433191705,"Save the Children","CCW"
"9152783315",-38.04,1451473357065,"Payment received thank you","CCD"
"4590289553154174",38.04,1451468124223,"Payment received thank you","CCD"
"9152783315",5.6,1451539121546,"Lori Alexander","CAD"
"9152783315",-26.02,1451520499187,"Morrisons","CAW"
"4904586269960133",-9.66,1451570170932,"Arriva Wales","CCW"
"4590289553154174",-0.01,1451551123061,"MegaBus","CCW"
"4590289553154174",-4.21,1451536565409,"Cancer Research","CCW"
"9152783315",-20.05,1451610454503,"Sainsburys","CAW"
"4590289553154174",-10.44,1451613197526,"Shelter","CCW"
"58876425",-9.74,1451627599968,"Transfer from Current Account to Savings","SAW"
"9152783315",9.74,1451588294765,"Transfer from Current Account to Savings","SAW"
"9152783315",-27.72,1451664535185,"Superdrug","CAW"
"4904586269960133",-11.94,1451695064748,"Sports Direct","CCW"
"4590289553154174",-36.69,1451674184793,"Sainsburys","CCW"
"4590289553154174",-7.8,1451739736611,"WWF","CCW"
"9152783315",-76.35,1451680515603,"Payment received thank you","CCD"
"4590289553154174",76.35,1451662813429,"Payment received thank you","CCD"
"9152783315",-27.33,1451804871470,"M5 GoKarting","CAW"
"9152783315",-31,1451779481746,"Lush","CAW"
"9152783315",-30.21,1451783064348,"M5 GoKarting","CAW"
"9152783315",6.29,1451765588369,"Interest","CAD"
"4590289553154174",-4.54,1451752843102,"Oxfam","CCW"
"4590289553154174",-4.62,1451821416258,"Save the Children","CCW"
"4590289553154174",-34.77,1451793770848,"M5 GoKarting","CCW"
"9152783315",-44.62,1451891227998,"TV Licence","D/D"
"4904586269960133",-2.45,1451909112273,"Save the Children","CCW"
"4904586269960133",-28.17,1451855330335,"Primark","CCW"
"4590289553154174",-3.23,1451862800651,"National Express","CCW"
"4590289553154174",-1.94,1451978238104,"MegaBus","CCW"
"4590289553154174",-39.37,1451938238643,"Morrisons","CCW"
"4590289553154174",-14.14,1451962903165,"American Express","CCW"
"9152783315",-5.13,1452047147306,"Oxfam","CAW"
"9152783315",-28.51,1452035944393,"TicketMaster","CAW"
"4590289553154174",-8.77,1452027789383,"Shelter","CCW"
"4590289553154174",-1.94,1452033286535,"Hitachi Personal Finance","CCW"
"9152783315",-67.96,1452029957055,"Payment received thank you","CCD"
"4590289553154174",67.96,1452071989276,"Payment received thank you","CCD"
"4590289553154174",-17.38,1452014085135,"TicketMaster","CCW"
"9152783315",-7.39,1452123336666,"RSPCA","CAW"
"9152783315",-67.98,1452101839942,"Payment received thank you","CCD"
"4904586269960133",67.98,1452152686093,"Payment received thank you","CCD"
"9152783315",-8.52,1452128264574,"Payment received thank you","CCD"
"4590289553154174",8.52,1452169902685,"Payment received thank you","CCD"
"9152783315",-6.4,1452253013057,"Cancer Research","CAW"
"4904586269960133",-10.89,1452245594211,"National Express","CCW"
"9152783315",-242.43,1452183065955,"Payment received thank you","CCD"
"4904586269960133",242.43,1452212969938,"Payment received thank you","CCD"
"4590289553154174",-13.6,1452182460538,"Bodyshop","CCW"
"82620766",-6.03,1452201712426,"Transfer from Current Account to Savings","SAW"
"9152783315",6.03,1452238369054,"Transfer from Current Account to Savings","SAW"
"9152783315",-21.59,1452284448213,"Superdrug","CAW"
"4904586269960133",-6.32,1452323723314,"Cancer Research","CCW"
"4904586269960133",-36.38,1452289139626,"M5 GoKarting","CCW"
"9152783315",-70.45,1452284024888,"Payment received thank you","CCD"
"4904586269960133",70.45,1452283157275,"Payment received thank you","CCD"
"4904586269960133",-8.96,1452347862350,"Wonga","CCW"
"9152783315",-103.06,1452297625219,"Payment received thank you","CCD"
"4904586269960133",103.06,1452270271436,"Payment received thank you","CCD"
"4904586269960133",-34.91,1452326482684,"Paintball UK","CCW"
"4904586269960133",-8.13,1452308211178,"Cancer Research","CCW"
"9152783315",-6.62,1452369316989,"Morrisons","CAW"
"9152783315",-0.01,1452422871269,"Shelter","CAW"
"4590289553154174",-9.3,1452392438417,"Shelter","CCW"
"58876425",-12.17,1452410715570,"Transfer from Current Account to Savings","SAW"
"9152783315",12.17,1452433491219,"Transfer from Current Account to Savings","SAW"
"4904586269960133",-0.01,1452486123851,"Primark","CCW"
"4590289553154174",-26.35,1452514935037,"Supercuts","CCW"
"9152783315",-7.64,1452610172476,"Oxfam","CAW"
"9152783315",-6.01,1452563815924,"Wonga","CAW"
"9152783315",-37.55,1452543104384,"Supercuts","CAW"
"9152783315",-19.31,1452565801994,"Payment received thank you","CCD"
"4904586269960133",19.31,1452596649386,"Payment received thank you","CCD"
"4904586269960133",-5.48,1452595544954,"Oxfam","CCW"
"4904586269960133",-28.58,1452598196839,"Bodyshop","CCW"
"4904586269960133",-33.24,1452612461015,"Lush","CCW"
"4904586269960133",-6.72,1452544005928,"Shelter","CCW"
"9152783315",-800,1452649024784,"Rent","D/D"
"58876425",-19.23,1452615372834,"Transfer from Current Account to Savings","SAW"
"9152783315",19.23,1452621540488,"Transfer from Current Account to Savings","SAW"
"82620766",0,1452621639805,"Transfer from Savings to Current Account","SAD"
"9152783315",0,1452663058341,"Transfer from Savings to Current Account","SAD"
"82620766",-26.78,1452678345389,"Transfer from Current Account to Savings","SAW"
"9152783315",26.78,1452626061974,"Transfer from Current Account to Savings","SAW"
"9152783315",-14.85,1452739003997,"Thames Water","D/D"
"4904586269960133",-30.92,1452718795058,"Paintball UK","CCW"
"82620766",0,1452751453171,"Transfer from Savings to Current Account","SAD"
"9152783315",0,1452699916650,"Transfer from Savings to Current Account","SAD"
"9152783315",-22.91,1452790250716,"Sky Digital","D/D"
"4904586269960133",-18.91,1452864505055,"Primark","CCW"
"9152783315",0.95,1452944676865,"Interest","CAD"
"4904586269960133",-0.01,1452899926533,"Barclaycard","CCW"
"4590289553154174",-18.56,1452917910416,"Sports Direct","CCW"
"58876425",-15.38,1452931071457,"Transfer from Current Account to Savings","SAW"
"9152783315",15.38,1452939714676,"Transfer from Current Account to Savings","SAW"
"82620766",-0.62,1452913512372,"Transfer from Current Account to Savings","SAW"
"9152783315",0.62,1452912505052,"Transfer from Current Account to Savings","SAW"
"9152783315",2.72,1453005334092,"Brenda Ward","CAD"
"4904586269960133",-5.83,1453019821828,"Shelter","CCW"
"9152783315",12.88,1453163228219,"Alan Scott","CAD"
"9152783315",2.38,1453161090371,"Brenda Ward","CAD"
"4904586269960133",-0.01,1453153347000,"Barclaycard","CCW"
"4590289553154174",-8.86,1453147868113,"Wonga","CCW"
"58876425",-3.57,1453189070545,"Transfer from Current Account to Savings","SAW"
"9152783315",3.57,1453132163134,"Transfer from Current Account to Savings","SAW"
"9152783315",2.6,1453259671154,"Lori Alexander","CAD"
"4904586269960133",-27.79,1453344591853,"TicketMaster","CCW"
"4590289553154174",-0.01,1453433274771,"Arriva Wales","CCW"
"4904586269960133",-3.5,1453524640347,"Oxfam","CCW"
"4904586269960133",-7.82,1453547917039,"Sports Direct","CCW"
"4904586269960133",-8.85,1453637066854,"WWF","CCW"
"4904586269960133",-7.05,1453572860435,"National Express","CCW"
"4904586269960133",-2.07,1453586977988,"Cancer Research","CCW"
"4904586269960133",-4.28,1453646159579,"Wonga","CCW"
"4590289553154174",-19.93,1453625432894,"Primark","CCW"
"4904586269960133",-9.22,1453655631866,"WWF","CCW"
"82620766",-1.6099999999999826,1453734571050,"Transfer from Current Account to Savings","SAW"
"9152783315",1.6099999999999826,1453714296912,"Transfer from Current Account to Savings","SAW"
"9152783315",2000,1453753833235,"Salary BACS Payment","BAC"
"9152783315",-39.39,1453803831361,"Virgin Media","D/D"
"9152783315",-0.23,1453768385377,"Wonga","CAW"
"9152783315",-19.73,1453739196076,"Sports Direct","CAW"
"9152783315",-3.39,1453748432482,"Lush","CAW"
"9152783315",-103.99,1453814949537,"Payment received thank you","CCD"
"4904586269960133",103.99,1453788874647,"Payment received thank you","CCD"
"4904586269960133",-15.81,1453761527477,"Bodyshop","CCW"
"4904586269960133",-21.24,1453793527844,"Lush","CCW"
"9152783315",-16.55,1453797092968,"Payment received thank you","CCD"
"4904586269960133",16.55,1453765849321,"Payment received thank you","CCD"
"58876425",-14.46,1453764141765,"Transfer from Current Account to Savings","SAW"
"9152783315",14.46,1453752190803,"Transfer from Current Account to Savings","SAW"
"9152783315",-8.67,1453889983651,"Wonga","CAW"
"9152783315",-32.19,1453867642633,"Paintball UK","CAW"
"9152783315",-8.51,1453875898464,"Superdrug","CAW"
"9152783315",-28.86,1453882992850,"Bodyshop","CAW"
"9152783315",-1.23,1453886082104,"Hitachi Personal Finance","CAW"
"9152783315",9.2,1453824877376,"Brenda Ward","CAD"
"4904586269960133",-8.59,1453871179895,"National Express","CCW"
"4904586269960133",-26.78,1453904252843,"M5 GoKarting","CCW"
"9152783315",-161.14,1453893076224,"Payment received thank you","CCD"
"4904586269960133",161.14,1453868605044,"Payment received thank you","CCD"
"82620766",0,1453882801367,"Transfer from Current Account to Savings","SAW"
"9152783315",0,1453905442406,"Transfer from Current Account to Savings","SAW"
"9152783315",-48.45,1453970909888,"NBS Personal Loan","D/D"
"9152783315",-31.27,1453929243154,"Primark","CAW"
"4904586269960133",-19.74,1453931816792,"Primark","CCW"
"9152783315",-220.73,1453989694390,"Payment received thank you","CCD"
"4590289553154174",220.73,1453910779835,"Payment received thank you","CCD"
"4590289553154174",-13.06,1453911027221,"Hitachi Personal Finance","CCW"
"4590289553154174",-13.39,1453979273268,"MegaBus","CCW"
"4590289553154174",-9.01,1453986567005,"WWF","CCW"
"9152783315",-229.13,1453992397034,"Payment received thank you","CCD"
"4590289553154174",229.13,1453973695378,"Payment received thank you","CCD"
"4590289553154174",-13.84,1453911687440,"Sports Direct","CCW"
"9152783315",-28.43,1454073491487,"Bodyshop","CAW"
"9152783315",-30.86,1454035165882,"Sainsburys","CAW"
"9152783315",-0.01,1454001733646,"National Express","CAW"
"9152783315",-14.86,1454078765684,"Save the Children","CAW"
"9152783315",-19.25,1454024466188,"Morrisons","CAW"
"4904586269960133",-18.85,1454018574586,"Bodyshop","CCW"
"4904586269960133",-5.6,1454055022393,"Bodyshop","CCW"
"4904586269960133",-10.74,1454036007982,"Arriva Wales","CCW"
"9152783315",-49.32,1454006582759,"Payment received thank you","CCD"
"4904586269960133",49.32,1454030686912,"Payment received thank you","CCD"
"4904586269960133",-6.35,1454033953636,"Primark","CCW"
"4904586269960133",-9.96,1454024121312,"Wonga","CCW"
"4904586269960133",-0.01,1454021465807,"MegaBus","CCW"
"4590289553154174",-25.65,1454045665961,"Supercuts","CCW"
"4590289553154174",-28.6,1453995583534,"Paintball UK","CCW"
"4590289553154174",-13.17,1454056999400,"Superdrug","CCW"
"4590289553154174",-15.84,1454002443550,"Sports Direct","CCW"
"58876425",-10.89,1454075695894,"Transfer from Current Account to Savings","SAW"
"9152783315",10.89,1454051414076,"Transfer from Current Account to Savings","SAW"
"9152783315",-11.45,1454160422647,"Oxfam","CAW"
"9152783315",-31.45,1454105925566,"M5 GoKarting","CAW"
"4904586269960133",-18.65,1454114548369,"Matalan","CCW"
"4590289553154174",-11.43,1454151624597,"Cancer Research","CCW"
"9152783315",-146.4,1454151233574,"Payment received thank you","CCD"
"4590289553154174",146.4,1454147298403,"Payment received thank you","CCD"
"9152783315",-50.44,1454181480865,"Paintball UK","CAW"
"9152783315",-3.29,1454183449077,"Shelter","CAW"
"4904586269960133",-0.81,1454196672994,"American Express","CCW"
"4904586269960133",-0.01,1454211138986,"MegaBus","CCW"
"4904586269960133",-11.64,1454206540701,"WWF","CCW"
"4904586269960133",-26.81,1454193256762,"Sainsburys","CCW"
"4904586269960133",-2.94,1454227580286,"WWF","CCW"
"4590289553154174",-0.01,1454235079335,"Wonga","CCW"
"58876425",-4.04,1454170063270,"Transfer from Current Account to Savings","SAW"
"9152783315",4.04,1454240059937,"Transfer from Current Account to Savings","SAW"
"58876425",-5.59,1454184430648,"Transfer from Current Account to Savings","SAW"
"9152783315",5.59,1454185919097,"Transfer from Current Account to Savings","SAW"
"82620766",0,1454170118314,"Transfer from Current Account to Savings","SAW"
"9152783315",0,1454178657508,"Transfer from Current Account to Savings","SAW"
"9152783315",-27.83,1454311137466,"Superdrug","CAW"
"9152783315",-14.64,1454327397308,"Save the Children","CAW"
"9152783315",-4.04,1454304691518,"Supercuts","CAW"
"4904586269960133",-37.25,1454272458707,"Pizza Express","CCW"
"4590289553154174",-27.57,1454337930930,"M5 GoKarting","CCW"
"4590289553154174",-0.01,1454257601548,"Oxfam","CCW"
"4590289553154174",-7.23,1454302920787,"Shelter","CCW"
"4590289553154174",-2.39,1454329892645,"American Express","CCW"
"58876425",-15.02,1454317260069,"Transfer from Current Account to Savings","SAW"
"9152783315",15.02,1454260155511,"Transfer from Current Account to Savings","SAW"
"58876425",-9.73,1454302542700,"Transfer from Current Account to Savings","SAW"
"9152783315",9.73,1454309583444,"Transfer from Current Account to Savings","SAW"
"9152783315",16.73,1454409197449,"Alan Scott","CAD"
"9152783315",-20.04,1454375807248,"Sports Direct","CAW"
"4904586269960133",-24.62,1454397612555,"Sports Direct","CCW"
"9152783315",1.75,1454440611938,"Denise Patterson","CAD"
"4904586269960133",-18.41,1454460375417,"M5 GoKarting","CCW"
"58876425",-3.95,1454460151996,"Transfer from Current Account to Savings","SAW"
"9152783315",3.95,1454512190441,"Transfer from Current Account to Savings","SAW"
"9152783315",-44.62,1454590911596,"TV Licence","D/D"
"4590289553154174",-44.45,1454524144219,"Pizza Express","CCW"
"4590289553154174",-0.01,1454515737196,"WWF","CCW"
"4590289553154174",-21.5,1454686051133,"Primark","CCW"
"4590289553154174",-10.26,1454616968053,"Save the Children","CCW"
"4904586269960133",-4.97,1454726778647,"Barclaycard","CCW"
"4590289553154174",-38.38,1454701508511,"Morrisons","CCW"
"4590289553154174",-30.19,1454732889631,"Primark","CCW"
"4590289553154174",-16.23,1454758066753,"Sports Direct","CCW"
"9152783315",3.71,1454807645354,"Alan Scott","CAD"
"4904586269960133",-24.01,1454856420847,"M5 GoKarting","CCW"
"4590289553154174",-9.45,1454822646873,"MegaBus","CCW"
"58876425",0,1454857339910,"Transfer from Savings to Current Account","SAD"
"9152783315",0,1454824204615,"Transfer from Savings to Current Account","SAD"
"4590289553154174",-17.99,1454906558625,"Save the Children","CCW"
"4590289553154174",-43.24,1454897152941,"TicketMaster","CCW"
"4590289553154174",-4.59,1454898462932,"Oxfam","CCW"
"58876425",-5.56,1454899035247,"Transfer from Current Account to Savings","SAW"
"9152783315",5.56,1454927833960,"Transfer from Current Account to Savings","SAW"
"4590289553154174",-16.88,1455047295075,"Paintball UK","CCW"
"4590289553154174",-0.01,1455053050499,"RSPCA","CCW"
"4590289553154174",-3.46,1455049521381,"RSPCA","CCW"
"82620766",0,1455202617917,"Transfer from Current Account to Savings","SAW"
"9152783315",0,1455201871685,"Transfer from Current Account to Savings","SAW"
"9152783315",0.17,1455256770938,"Brenda Ward","CAD"
"9152783315",1.63,1455259363139,"Alan Scott","CAD"
"9152783315",0.86,1455239832538,"Lori Alexander","CAD"
"9152783315",5.56,1455216397426,"Interest","CAD"
"82620766",0,1455239320155,"Transfer from Current Account to Savings","SAW"
"9152783315",0,1455208894883,"Transfer from Current Account to Savings","SAW"
"9152783315",-800,1455349596727,"Rent","D/D"
"82620766",0,1455374601003,"Transfer from Current Account to Savings","SAW"
"9152783315",0,1455323838190,"Transfer from Current Account to Savings","SAW"
"9152783315",-14.85,1455420108757,"Thames Water","D/D"
"9152783315",0.15,1455451542125,"Lori Alexander","CAD"
"9152783315",-22.91,1455524467890,"Sky Digital","D/D"
"82620766",0,1455510504206,"Transfer from Savings to Current Account","SAD"
"9152783315",0,1455489405060,"Transfer from Savings to Current Account","SAD"
"9152783315",0.72,1455622996150,"Lori Alexander","CAD"
"9152783315",15.44,1455720727409,"Alan Scott","CAD"
"58876425",-6.72,1455724909289,"Transfer from Current Account to Savings","SAW"
"9152783315",6.72,1455729050816,"Transfer from Current Account to Savings","SAW"
"58876425",-0.97,1456070200988,"Transfer from Current Account to Savings","SAW"
"9152783315",0.97,1456070588209,"Transfer from Current Account to Savings","SAW"
"4590289553154174",-0.84,1456182427384,"Oxfam","CCW"
"58876425",-0.93,1456188712651,"Transfer from Current Account to Savings","SAW"
"9152783315",0.93,1456223443461,"Transfer from Current Account to Savings","SAW"
"58876425",-8.86,1456155874900,"Transfer from Current Account to Savings","SAW"
"9152783315",8.86,1456237777815,"Transfer from Current Account to Savings","SAW"
"9152783315",2000,1456471432722,"Salary BACS Payment","BAC"
"9152783315",-39.39,1456491926834,"Virgin Media","D/D"
"58876425",-0.68,1456491866264,"Transfer from Current Account to Savings","SAW"
"9152783315",0.68,1456469494188,"Transfer from Current Account to Savings","SAW"
"82620766",0,1456424455839,"Transfer from Current Account to Savings","SAW"
"9152783315",0,1456478815316,"Transfer from Current Account to Savings","SAW"
"9152783315",-15.85,1456523607635,"TicketMaster","CAW"
"9152783315",-398.88,1456535585928,"Payment received thank you","CCD"
"4590289553154174",398.88,1456554261807,"Payment received thank you","CCD"
"9152783315",-48.45,1456672866842,"NBS Personal Loan","D/D"
"9152783315",-21.1,1456665883083,"Paintball UK","CAW"
"9152783315",-10.03,1456641206560,"Payment received thank you","CCD"
"4904586269960133",10.03,1456631239948,"Payment received thank you","CCD"
"4904586269960133",-0.66,1456619505856,"American Express","CCW"
"4590289553154174",-32.84,1456627110378,"Paintball UK","CCW"
"9152783315",-17.16,1456705943016,"Shelter","CAW"
"9152783315",-24.39,1456683070367,"TicketMaster","CAW"
"4590289553154174",-0.01,1456759225864,"Wonga","CCW"
"9152783315",-177.45,1456838627869,"Payment received thank you","CCD"
"4590289553154174",177.45,1456788306068,"Payment received thank you","CCD"
"4590289553154174",-0.95,1456760521470,"Barclaycard","CCW"
"4590289553154174",-10.35,1456776988301,"Primark","CCW"
"82620766",0,1456827177913,"Transfer from Current Account to Savings","SAW"
"9152783315",0,1456820613726,"Transfer from Current Account to Savings","SAW"
"9152783315",-1.74,1456872414472,"RSPCA","CAW"
"9152783315",-2.67,1456888456559,"RSPCA","CAW"
"9152783315",-10.93,1456880374040,"Save the Children","CAW"
"9152783315",-2.87,1456929113698,"Barclaycard","CAW"
"9152783315",-16.45,1456873674127,"Primark","CAW"
"58876425",1.68,1456929546720,"Transfer from Savings to Current Account","SAD"
"9152783315",-1.68,1456869768307,"Transfer from Savings to Current Account","SAD"
"9152783315",-94.57,1456998017088,"Payment received thank you","CCD"
"4904586269960133",94.57,1456976035479,"Payment received thank you","CCD"
"9152783315",-44.62,1457046739173,"TV Licence","D/D"
"9152783315",4.64,1457079587898,"Denise Patterson","CAD"
"82620766",0,1457157248074,"Transfer from Current Account to Savings","SAW"
"9152783315",0,1457111402149,"Transfer from Current Account to Savings","SAW"
"9152783315",-9.31,1457217439385,"Matalan","CAW"
"9152783315",-18.95,1457272249937,"Lush","CAW"
"9152783315",-0.01,1457243617193,"National Express","CAW"
"4904586269960133",-6.06,1457263335767,"Matalan","CCW"
"4590289553154174",-10.45,1457233441119,"RSPCA","CCW"
"82620766",0,1457211480766,"Transfer from Current Account to Savings","SAW"
"9152783315",0,1457212043794,"Transfer from Current Account to Savings","SAW"
"9152783315",-0.01,1457355713393,"Wonga","CAW"
"4590289553154174",-7.25,1457354634842,"Cancer Research","CCW"
"4904586269960133",-25.86,1457376884987,"Sports Direct","CCW"
"4904586269960133",-31.4,1457412695910,"M5 GoKarting","CCW"
"4904586269960133",-1.78,1457366514398,"Oxfam","CCW"
"4904586269960133",-20.63,1457445294649,"Sports Direct","CCW"
"9152783315",-51.71,1457442241498,"Payment received thank you","CCD"
"4904586269960133",51.71,1457376778050,"Payment received thank you","CCD"
"4590289553154174",-13.7,1457378775896,"Sports Direct","CCW"
"82620766",5.9,1457382049307,"Transfer from Savings to Current Account","SAD"
"9152783315",-5.9,1457365237091,"Transfer from Savings to Current Account","SAD"
"82620766",3.05,1457367582581,"Transfer from Savings to Current Account","SAD"
"9152783315",-3.05,1457376935576,"Transfer from Savings to Current Account","SAD"
"9152783315",-0.01,1457492409651,"Barclaycard","CAW"
"4904586269960133",-17.73,1457481730551,"Primark","CCW"
"4590289553154174",-16.83,1457500799152,"Supercuts","CCW"
"9152783315",2.9,1457620128795,"Denise Patterson","CAD"
"4590289553154174",-17.76,1457559803266,"Sports Direct","CCW"
"4590289553154174",-6.09,1457589863148,"National Express","CCW"
"4590289553154174",-0.01,1457578219473,"Sports Direct","CCW"
"4590289553154174",-17.09,1457550748594,"Matalan","CCW"
"4590289553154174",-2.6,1457554136558,"Shelter","CCW"
"4590289553154174",-28.93,1457559571532,"Superdrug","CCW"
"4590289553154174",-24.47,1457557098283,"Matalan","CCW"
"58876425",-7.94,1457572898611,"Transfer from Current Account to Savings","SAW"
"9152783315",7.94,1457612028344,"Transfer from Current Account to Savings","SAW"
"9152783315",-1.5,1457671578294,"National Express","CAW"
"9152783315",-7.8,1457650710259,"RSPCA","CAW"
"9152783315",-10.49,1457637510579,"Supercuts","CAW"
"9152783315",7.07,1457654673697,"Alan Scott","CAD"
"9152783315",-20.28,1457634552602,"Sainsburys","CAW"
"4904586269960133",-38.94,1457683851906,"M5 GoKarting","CCW"
"9152783315",16.66,1457715362570,"Alan Scott","CAD"
"9152783315",1.88,1457769403373,"Alan Scott","CAD"
"9152783315",-10.48,1457787352695,"Save the Children","CAW"
"4590289553154174",-5.77,1457729785287,"Hitachi Personal Finance","CCW"
"9152783315",-800,1457822097556,"Rent","D/D"
"9152783315",0.92,1457844224796,"Lori Alexander","CAD"
"4904586269960133",-1.06,1457880556865,"WWF","CCW"
"4590289553154174",-14.06,1457799462134,"M5 GoKarting","CCW"
"9152783315",-14.85,1457955403074,"Thames Water","D/D"
"4904586269960133",-42.81,1457906859720,"Bodyshop","CCW"
"4590289553154174",-21.08,1457938911314,"Paintball UK","CCW"
"4590289553154174",-40.61,1457921917793,"Sainsburys","CCW"
"4590289553154174",-14.16,1457892283822,"Primark","CCW"
"4590289553154174",-16.58,1457912962349,"Lush","CCW"
"58876425",-2.07,1457895918558,"Transfer from Current Account to Savings","SAW"
"9152783315",2.07,1457929609191,"Transfer from Current Account to Savings","SAW"
"9152783315",-22.91,1457975292936,"Sky Digital","D/D"
"9152783315",3.59,1457991858640,"Interest","CAD"
"9152783315",2.37,1458049713242,"Interest","CAD"
"4904586269960133",-2.86,1458028604707,"Wonga","CCW"
"4590289553154174",-8.7,1458019724218,"Wonga","CCW"
"4590289553154174",-27.84,1457971479646,"Pizza Express","CCW"
"58876425",-8.21,1457982953801,"Transfer from Current Account to Savings","SAW"
"9152783315",8.21,1458015201124,"Transfer from Current Account to Savings","SAW"
"4590289553154174",-9.35,1458107570888,"MegaBus","CCW"
"82620766",-2.69,1458097822935,"Transfer from Current Account to Savings","SAW"
"9152783315",2.69,1458125735047,"Transfer from Current Account to Savings","SAW"
"4904586269960133",-11.16,1458148709034,"Primark","CCW"
"4904586269960133",-33.08,1458148106951,"TicketMaster","CCW"
"4590289553154174",-27.59,1458224071881,"Sainsburys","CCW"
"58876425",-8.17,1458221169962,"Transfer from Current Account to Savings","SAW"
"9152783315",8.17,1458155346993,"Transfer from Current Account to Savings","SAW"
"4904586269960133",-6.77,1458272146292,"Oxfam","CCW"
"58876425",-4.62,1458275733658,"Transfer from Current Account to Savings","SAW"
"9152783315",4.62,1458271873184,"Transfer from Current Account to Savings","SAW"
"4904586269960133",-7.89,1458398062235,"Wonga","CCW"
"4590289553154174",-27.86,1458332321622,"Bodyshop","CCW"
"4590289553154174",-5.8,1458341924279,"MegaBus","CCW"
"9152783315",6.88,1458407578858,"Lori Alexander","CAD"
"4590289553154174",-3.55,1458463322296,"Sports Direct","CCW"
"82620766",0,1458456949480,"Transfer from Savings to Current Account","SAD"
"9152783315",0,1458433700989,"Transfer from Savings to Current Account","SAD"
"9152783315",5.53,1458504347739,"Denise Patterson","CAD"
"4904586269960133",-18.97,1458497886715,"Primark","CCW"
"9152783315",3.35,1458822962678,"Lori Alexander","CAD"
"4904586269960133",-21.89,1458873904684,"Pizza Express","CCW"
"9152783315",2000,1458922080181,"Salary BACS Payment","BAC"
"9152783315",-39.39,1458935542968,"Virgin Media","D/D"
"9152783315",-11.84,1458998252465,"Sports Direct","CAW"
"9152783315",-38.6,1458923501662,"Pizza Express","CAW"
"9152783315",-51.48,1458955252148,"Paintball UK","CAW"
"4904586269960133",-1,1459004631556,"Wonga","CCW"
"4904586269960133",-15.42,1459026396797,"Sports Direct","CCW"
"9152783315",-166.77,1459046867457,"Payment received thank you","CCD"
"4904586269960133",166.77,1459039780813,"Payment received thank you","CCD"
"9152783315",-48.45,1459168916840,"NBS Personal Loan","D/D"
"9152783315",-41.76,1459125277460,"Supercuts","CAW"
"9152783315",-2.67,1459108720706,"Barclaycard","CAW"
"9152783315",-0.01,1459150590881,"RSPCA","CAW"
"9152783315",-14.49,1459149169886,"Matalan","CAW"
"9152783315",-3.43,1459118908091,"Cancer Research","CAW"
"9152783315",0.6,1459132418770,"Nicole Bailey","CAD"
"9152783315",-7.56,1459174747184,"Save the Children","CAW"
"9152783315",-11.23,1459130722655,"Cancer Research","CAW"
"9152783315",-166.58,1459103783409,"Payment received thank you","CCD"
"4904586269960133",166.58,1459125485701,"Payment received thank you","CCD"
"9152783315",-4.65,1459093835781,"Payment received thank you","CCD"
"4904586269960133",4.65,1459113410667,"Payment received thank you","CCD"
"58876425",-22.85,1459133620980,"Transfer from Current Account to Savings","SAW"
"9152783315",22.85,1459150527632,"Transfer from Current Account to Savings","SAW"
"58876425",-11.64,1459166430969,"Transfer from Current Account to Savings","SAW"
"9152783315",11.64,1459110995773,"Transfer from Current Account to Savings","SAW"
"9152783315",-23.07,1459218719776,"Sainsburys","CAW"
"9152783315",-40.99,1459184935745,"Sainsburys","CAW"
"9152783315",-11.57,1459240689135,"Save the Children","CAW"
"9152783315",-22.86,1459245989040,"Paintball UK","CAW"
"9152783315",-0.01,1459188754304,"Arriva Wales","CAW"
"9152783315",-31.32,1459211263095,"TicketMaster","CAW"
"9152783315",-11.07,1459329596641,"Arriva Wales","CAW"
"9152783315",-8.7,1459411086147,"Save the Children","CAW"
"9152783315",-27.65,1459362094770,"Sainsburys","CAW"
"9152783315",-7.4,1459434473433,"American Express","CAW"
"9152783315",-1.32,1459367209927,"Save the Children","CAW"
"9152783315",-5.87,1459417820328,"Cancer Research","CAW"
"9152783315",0.11,1459399362515,"Lori Alexander","CAD"
"9152783315",-36.23,1459371948736,"Sainsburys","CAW"
"9152783315",-3.38,1459385081218,"WWF","CAW"
"9152783315",0.05,1459419213895,"Nicole Bailey","CAD"
"9152783315",-4.21,1459426791629,"Barclaycard","CAW"
"9152783315",-20.3,1459406854976,"Matalan","CAW"
"9152783315",-202.02,1459368672882,"Payment received thank you","CCD"
"4904586269960133",202.02,1459366321058,"Payment received thank you","CCD"
"82620766",-6.26,1459407689626,"Transfer from Current Account to Savings","SAW"
"9152783315",6.26,1459353025629,"Transfer from Current Account to Savings","SAW"
"9152783315",-44.97,1459484728760,"Paintball UK","CAW"
"9152783315",-39.31,1459520303666,"M5 GoKarting","CAW"
"9152783315",-6.29,1459512378995,"Arriva Wales","CAW"
"9152783315",-7.53,1459472632566,"Hitachi Personal Finance","CAW"
"9152783315",-10.16,1459524819533,"Cancer Research","CAW"
"9152783315",-22.27,1459527922643,"Pizza Express","CAW"
"9152783315",-40.91,1459551866795,"Morrisons","CAW"
"9152783315",1.6,1459547821381,"Interest","CAD"
"9152783315",-8.19,1459525892922,"Wonga","CAW"
"9152783315",-26.45,1459532415980,"Matalan","CAW"
"9152783315",-5.31,1459538633417,"Barclaycard","CAW"
"9152783315",-6.3,1459542674710,"Matalan","CAW"
"9152783315",-29.36,1459530579301,"Primark","CAW"
"9152783315",2.14,1459559040950,"Interest","CAD"
"4904586269960133",-34.61,1459550571031,"Superdrug","CCW"
"4904586269960133",-6.91,1459555163599,"WWF","CCW"
"4904586269960133",-6,1459557993456,"Shelter","CCW"
"4904586269960133",-31.67,1459530943714,"M5 GoKarting","CCW"
"82620766",0,1459539419291,"Transfer from Current Account to Savings","SAW"
"9152783315",0,1459599096739,"Transfer from Current Account to Savings","SAW"
"9152783315",-0.73,1459677789761,"Bodyshop","CAW"
"9152783315",-19.9,1459669133215,"Supercuts","CAW"
"9152783315",7.2,1459611976494,"Alan Scott","CAD"
"9152783315",-11.79,1459615009029,"Oxfam","CAW"
"4904586269960133",-26.06,1459665080715,"M5 GoKarting","CCW"
"4904586269960133",-38.03,1459680632412,"TicketMaster","CCW"
"9152783315",-44.62,1459752102011,"TV Licence","D/D"
"9152783315",2.59,1459734841523,"Nicole Bailey","CAD"
"9152783315",0.47,1459698053300,"Alan Scott","CAD"
"4904586269960133",-41.54,1459767702974,"TicketMaster","CCW"
"58876425",-4.15,1459775144088,"Transfer from Current Account to Savings","SAW"
"9152783315",4.15,1459765733197,"Transfer from Current Account to Savings","SAW"
"9152783315",11.26,1459865400129,"Brenda Ward","CAD"
"4904586269960133",-2.75,1459810314064,"National Express","CCW"
"9152783315",5.15,1459885985782,"Interest","CAD"
"4904586269960133",-11.08,1459923934108,"Cancer Research","CCW"
"4904586269960133",-26.48,1459919128770,"Sainsburys","CCW"
"4904586269960133",-26.88,1459880493809,"Supercuts","CCW"
"4590289553154174",-9.91,1459911652588,"RSPCA","CCW"
"9152783315",10.89,1459974156115,"Denise Patterson","CAD"
"4904586269960133",-43.62,1459962070714,"TicketMaster","CCW"
"9152783315",2.52,1460167800015,"Alan Scott","CAD"
"58876425",-33.12,1460178711817,"Transfer from Current Account to Savings","SAW"
"9152783315",33.12,1460191608811,"Transfer from Current Account to Savings","SAW"
"9152783315",7.85,1460269018439,"Interest","CAD"
"9152783315",-1.83,1460282210481,"Cancer Research","CAW"
"9152783315",-5.63,1460235281184,"Hitachi Personal Finance","CAW"
"9152783315",-26.62,1460288225976,"TicketMaster","CAW"
"9152783315",-31.56,1460285889431,"Morrisons","CAW"
"9152783315",0.42,1460273879785,"Nicole Bailey","CAD"
"4904586269960133",-15.85,1460385894220,"Superdrug","CCW"
"58876425",-0.69,1460316821663,"Transfer from Current Account to Savings","SAW"
"9152783315",0.69,1460350897781,"Transfer from Current Account to Savings","SAW"
"9152783315",-7.14,1460450066592,"WWF","CAW"
"9152783315",-800,1460512970003,"Rent","D/D"
"4904586269960133",-0.01,1460552329445,"WWF","CCW"
"4904586269960133",-5.67,1460479235145,"Wonga","CCW"
"4904586269960133",-12.27,1460494341077,"Supercuts","CCW"
"9152783315",-14.85,1460566619854,"Thames Water","D/D"
"9152783315",2.38,1460610702493,"Denise Patterson","CAD"
"9152783315",8.35,1460599653852,"Alan Scott","CAD"
"4904586269960133",-10.29,1460594665785,"Bodyshop","CCW"
"4904586269960133",-10.86,1460632851696,"Sports Direct","CCW"
"4904586269960133",-35.36,1460615483048,"Supercuts","CCW"
"9152783315",-22.91,1460673259803,"Sky Digital","D/D"
"9152783315",2.08,1460785987683,"Alan Scott","CAD"
"4904586269960133",-4.77,1460792701292,"National Express","CCW"
"4904586269960133",-34.23,1460806953821,"Paintball UK","CCW"
"9152783315",0.98,1460828920709,"Nicole Bailey","CAD"
"4904586269960133",-3.79,1460888844543,"Cancer Research","CCW"
"9152783315",8.52,1460918261334,"Nicole Bailey","CAD"
"9152783315",0.34,1461074868204,"Interest","CAD"
"9152783315",3.1,1461054265793,"Interest","CAD"
"4904586269960133",-0.01,1461063532558,"American Express","CCW"
"4904586269960133",-9.22,1461052875171,"RSPCA","CCW"
"4904586269960133",-0.01,1461072281396,"Oxfam","CCW"
"4904586269960133",-9.32,1461034699627,"RSPCA","CCW"
"4904586269960133",-0.01,1461010022393,"Oxfam","CCW"
"9152783315",0.9,1461267218236,"Lori Alexander","CAD"
"58876425",-25.21,1461279695687,"Transfer from Current Account to Savings","SAW"
"9152783315",25.21,1461304283566,"Transfer from Current Account to Savings","SAW"
"4904586269960133",-2.83,1461385994820,"Arriva Wales","CCW"
"4904586269960133",-0.01,1461357693664,"Save the Children","CCW"
"82620766",0,1461362309049,"Transfer from Current Account to Savings","SAW"
"9152783315",0,1461404063046,"Transfer from Current Account to Savings","SAW"
"58876425",0,1461504002877,"Transfer from Savings to Current Account","SAD"
"9152783315",0,1461480097749,"Transfer from Savings to Current Account","SAD"
"9152783315",0.33,1461517586830,"Nicole Bailey","CAD"
"9152783315",0.51,1461539519178,"Interest","CAD"
"4904586269960133",-31.76,1461562748682,"Morrisons","CCW"
"9152783315",2000,1461660158366,"Salary BACS Payment","BAC"
"9152783315",-39.39,1461655584472,"Virgin Media","D/D"
"9152783315",-7.82,1461718931183,"Cancer Research","CAW"
"9152783315",-22.36,1461695519411,"Sainsburys","CAW"
"9152783315",-5.78,1461766713842,"Bodyshop","CAW"
"9152783315",-3.76,1461689212448,"Arriva Wales","CAW"
"9152783315",-2.1,1461755315475,"Cancer Research","CAW"
"58876425",-1.15,1461759870111,"Transfer from Current Account to Savings","SAW"
"9152783315",1.15,1461696131692,"Transfer from Current Account to Savings","SAW"
"9152783315",-48.45,1461828436264,"NBS Personal Loan","D/D"
"9152783315",-51.76,1461852492500,"Payment received thank you","CCD"
"4904586269960133",51.76,1461794548344,"Payment received thank you","CCD"
"9152783315",-70.4,1461811158939,"Payment received thank you","CCD"
"4590289553154174",70.4,1461852855029,"Payment received thank you","CCD"
"9152783315",-108.89,1461780319071,"Payment received thank you","CCD"
"4590289553154174",108.89,1461815144786,"Payment received thank you","CCD"
"4590289553154174",-0.01,1461844107213,"Shelter","CCW"
"4590289553154174",-39.57,1461783781923,"Morrisons","CCW"
"9152783315",-22.48,1461912689735,"Matalan","CAW"
"4904586269960133",-13.15,1461875701106,"Wonga","CCW"
"9152783315",-41.74,1462016797542,"Morrisons","CAW"
"9152783315",-0.01,1461979776918,"American Express","CAW"
"9152783315",-23.59,1461977012356,"Paintball UK","CAW"
"4904586269960133",-10.97,1461962983004,"Superdrug","CCW"
"9152783315",-27.82,1462001129107,"Payment received thank you","CCD"
"4590289553154174",27.82,1461963951389,"Payment received thank you","CCD"
"9152783315",-13.61,1462094936619,"Superdrug","CAW"
"9152783315",-6.11,1462113168501,"Shelter","CAW"
"4904586269960133",-4.67,1462060920729,"National Express","CCW"
"4590289553154174",-7.13,1462063087486,"Save the Children","CCW"
"4590289553154174",-31.59,1462101717200,"Pizza Express","CCW"
"9152783315",-46.89,1462116268884,"Payment received thank you","CCD"
"4590289553154174",46.89,1462115871180,"Payment received thank you","CCD"
"4590289553154174",-0.01,1462036699665,"Lush","CCW"
"4590289553154174",-0.68,1462114804000,"RSPCA","CCW"
"4904586269960133",-9.2,1462157920092,"Primark","CCW"
"9152783315",-44.62,1462304936012,"TV Licence","D/D"
"9152783315",-5.87,1462339827826,"RSPCA","CAW"
"9152783315",-15.31,1462319747803,"Matalan","CAW"
"9152783315",0.59,1462297856189,"Lori Alexander","CAD"
"9152783315",-10.16,1462350026775,"Wonga","CAW"
"9152783315",-125.97,1462324241349,"Payment received thank you","CCD"
"4904586269960133",125.97,1462358672906,"Payment received thank you","CCD"
"4904586269960133",-32.22,1462299619006,"Sainsburys","CCW"
"9152783315",-112.44,1462326286739,"Payment received thank you","CCD"
"4904586269960133",112.44,1462303608097,"Payment received thank you","CCD"
"9152783315",-32,1462368268647,"Payment received thank you","CCD"
"4590289553154174",32,1462350150317,"Payment received thank you","CCD"
"4590289553154174",-8.33,1462325154437,"Oxfam","CCW"
"9152783315",-173.19,1462363044399,"Payment received thank you","CCD"
"4590289553154174",173.19,1462311350124,"Payment received thank you","CCD"
"9152783315",6.93,1462432575250,"Nicole Bailey","CAD"
"4904586269960133",-23.31,1462432205111,"TicketMaster","CCW"
"4904586269960133",-5.34,1462377823311,"American Express","CCW"
"4590289553154174",-11.33,1462404131003,"Save the Children","CCW"
"9152783315",13.66,1462475610536,"Brenda Ward","CAD"
"4904586269960133",-13.45,1462553716776,"Supercuts","CCW"
"4590289553154174",-7.17,1462592886234,"National Express","CCW"
"4590289553154174",-11.19,1462610096828,"Sports Direct","CCW"
"9152783315",-18.6,1462708706214,"M5 GoKarting","CAW"
"4590289553154174",-20.1,1462655253866,"Superdrug","CCW"
"9152783315",-21.42,1462709926197,"Payment received thank you","CCD"
"4590289553154174",21.42,1462688445525,"Payment received thank you","CCD"
"9152783315",-5.81,1462735104251,"WWF","CAW"
"4904586269960133",-8.9,1462748017986,"Save the Children","CCW"
"4590289553154174",-10.94,1462736035748,"Arriva Wales","CCW"
"4590289553154174",-8.17,1462778938184,"WWF","CCW"
"4590289553154174",-0.01,1462802850042,"Shelter","CCW"
"9152783315",-29.63,1462830193100,"Sainsburys","CAW"
"9152783315",-0.01,1462828234242,"Save the Children","CAW"
"4904586269960133",-26.72,1462837492679,"Morrisons","CCW"
"4590289553154174",-2.14,1462830989343,"Arriva Wales","CCW"
"4590289553154174",-5.79,1462821361966,"Cancer Research","CCW"
"4590289553154174",-42.73,1462932403634,"Pizza Express","CCW"
"4904586269960133",-8.2,1463014424662,"Barclaycard","CCW"
"4590289553154174",-0.01,1462984207904,"Save the Children","CCW"
"4590289553154174",-1.47,1463011316781,"Cancer Research","CCW"
"58876425",-2.36,1463039151614,"Transfer from Current Account to Savings","SAW"
"9152783315",2.36,1462995728084,"Transfer from Current Account to Savings","SAW"
"9152783315",-800,1463141540520,"Rent","D/D"
"4590289553154174",-10.54,1463092934433,"Matalan","CCW"
"4590289553154174",-7.53,1463103313024,"Arriva Wales","CCW"
"4590289553154174",-1.12,1463117687489,"Oxfam","CCW"
"9152783315",-14.85,1463206494250,"Thames Water","D/D"
"4590289553154174",-12.84,1463233500884,"Barclaycard","CCW"
"9152783315",-22.91,1463302132374,"Sky Digital","D/D"
"9152783315",5.93,1463316629173,"Brenda Ward","CAD"
"4904586269960133",-10.63,1463284107276,"Matalan","CCW"
"4904586269960133",-5.75,1463284554566,"Barclaycard","CCW"
"4590289553154174",-0.29,1463268824996,"Shelter","CCW"
"82620766",0,1463279446203,"Transfer from Savings to Current Account","SAD"
"9152783315",0,1463253374395,"Transfer from Savings to Current Account","SAD"
"9152783315",3.55,1463356592351,"Lori Alexander","CAD"
"4590289553154174",-24.72,1463330651996,"Primark","CCW"
"4590289553154174",-7.74,1463476505120,"Arriva Wales","CCW"
"4904586269960133",-17.94,1463520225504,"Bodyshop","CCW"
"9152783315",6.36,1463744319395,"Brenda Ward","CAD"
"4590289553154174",-2.83,1463727807460,"Supercuts","CCW"
"9152783315",20.75,1463770774660,"Denise Patterson","CAD"
"4590289553154174",-1.28,1463842466548,"Oxfam","CCW"
"4590289553154174",-14.57,1463837707536,"Matalan","CCW"
"4590289553154174",-13.41,1463786698194,"Supercuts","CCW"
"4590289553154174",-8.43,1463814506136,"Shelter","CCW"
"4590289553154174",-4.88,1463820047011,"Save the Children","CCW"
"4590289553154174",-0.01,1463771093357,"Barclaycard","CCW"
"9152783315",4.87,1463930154226,"Brenda Ward","CAD"
"4904586269960133",-6.33,1463972312559,"Shelter","CCW"
"4904586269960133",-20.38,1464048449891,"Matalan","CCW"
"9152783315",2000,1464275804494,"Salary BACS Payment","BAC"
"9152783315",-39.39,1464243271239,"Virgin Media","D/D"
"9152783315",0.73,1464194360280,"Alan Scott","CAD"
"9152783315",-5.45,1464206266183,"WWF","CAW"
"9152783315",-164.34,1464220360094,"Payment received thank you","CCD"
"4904586269960133",164.34,1464252082881,"Payment received thank you","CCD"
"9152783315",-29.98,1464267979100,"Payment received thank you","CCD"
"4590289553154174",29.98,1464203322090,"Payment received thank you","CCD"
"82620766",0,1464240040374,"Transfer from Current Account to Savings","SAW"
"9152783315",0,1464204941059,"Transfer from Current Account to Savings","SAW"
"9152783315",-0.63,1464325804923,"Hitachi Personal Finance","CAW"
"9152783315",3.54,1464334314025,"Alan Scott","CAD"
"9152783315",-18.18,1464287214548,"Sainsburys","CAW"
"4904586269960133",-3.7,1464357463073,"Superdrug","CCW"
"9152783315",-34.52,1464284572053,"Payment received thank you","CCD"
"4904586269960133",34.52,1464277631146,"Payment received thank you","CCD"
"4904586269960133",-3.22,1464307549272,"Oxfam","CCW"
"4904586269960133",-12.54,1464320504784,"Sports Direct","CCW"
"4590289553154174",-2.56,1464352336851,"MegaBus","CCW"
"9152783315",-48.45,1464423838641,"NBS Personal Loan","D/D"
"9152783315",-37.23,1464379028958,"Paintball UK","CAW"
"9152783315",-24.5,1464431004864,"Sainsburys","CAW"
"9152783315",-0.01,1464395017874,"National Express","CAW"
"9152783315",-3.27,1464391500186,"American Express","CAW"
"9152783315",-10.34,1464383139055,"Bodyshop","CAW"
"9152783315",-178.46,1464440974864,"Payment received thank you","CCD"
"4590289553154174",178.46,1464396690636,"Payment received thank you","CCD"
"4590289553154174",-33.19,1464398718943,"Paintball UK","CCW"
"4590289553154174",-4.21,1464378636817,"Arriva Wales","CCW"
"82620766",0,1464434740681,"Transfer from Current Account to Savings","SAW"
"9152783315",0,1464374389740,"Transfer from Current Account to Savings","SAW"
"9152783315",-5.76,1464504274748,"WWF","CAW"
"9152783315",-10.07,1464502019570,"Arriva Wales","CAW"
"4904586269960133",-0.01,1464467699185,"RSPCA","CCW"
"9152783315",-75.11,1464487056930,"Payment received thank you","CCD"
"4904586269960133",75.11,1464496853549,"Payment received thank you","CCD"
"4904586269960133",-6.9,1464454754040,"Hitachi Personal Finance","CCW"
"9152783315",-24.92,1464515651594,"Payment received thank you","CCD"
"4904586269960133",24.92,1464498406910,"Payment received thank you","CCD"
"4904586269960133",-7.39,1464492483207,"Oxfam","CCW"
"9152783315",-17.44,1464586190556,"Primark","CAW"
"9152783315",4.64,1464607997630,"Denise Patterson","CAD"
"9152783315",-35.38,1464612196423,"Pizza Express","CAW"
"9152783315",11,1464550848903,"Interest","CAD"
"4904586269960133",-10.87,1464566081415,"Shelter","CCW"
"4904586269960133",-35.76,1464609848497,"Paintball UK","CCW"
"9152783315",-14.58,1464700989445,"Paintball UK","CAW"
"4590289553154174",-4.57,1464659242297,"Superdrug","CCW"
"82620766",0,1464653778089,"Transfer from Current Account to Savings","SAW"
"9152783315",0,1464625121645,"Transfer from Current Account to Savings","SAW"
"9152783315",-16.74,1464752013868,"M5 GoKarting","CAW"
"9152783315",-17.69,1464764697855,"Sports Direct","CAW"
"9152783315",-12.25,1464785771864,"Arriva Wales","CAW"
"4904586269960133",-15.55,1464770776372,"Arriva Wales","CCW"
"4904586269960133",-0.79,1464722458158,"Arriva Wales","CCW"
"4590289553154174",-6.3,1464788747593,"Shelter","CCW"
"9152783315",-24.94,1464852612184,"Lush","CAW"
"9152783315",-6.19,1464806077966,"RSPCA","CAW"
"9152783315",-29.21,1464861157840,"Sainsburys","CAW"
"9152783315",-23.4,1464859007761,"Supercuts","CAW"
"9152783315",-4.13,1464795938845,"American Express","CAW"
"9152783315",-16.45,1464871652989,"American Express","CAW"
"4590289553154174",-2.25,1464872169251,"Lush","CCW"
"9152783315",-6.14,1464956536523,"Shelter","CAW"
"9152783315",-11.16,1464902756606,"Oxfam","CAW"
"9152783315",-49.59,1464901547298,"Paintball UK","CAW"
"4904586269960133",-14.13,1464920889033,"Superdrug","CCW"
"4904586269960133",-1.87,1464931443842,"American Express","CCW"
"9152783315",-44.62,1465030750270,"TV Licence","D/D"
"4590289553154174",-26.06,1465052934088,"Pizza Express","CCW"
"82620766",0,1465015440138,"Transfer from Current Account to Savings","SAW"
"9152783315",0,1465015098379,"Transfer from Current Account to Savings","SAW"
"4904586269960133",-0.01,1465118422691,"RSPCA","CCW"
"4904586269960133",-9.27,1465191064835,"Cancer Research","CCW"
"4590289553154174",-32.55,1465159453447,"Paintball UK","CCW"
"4590289553154174",-42.62,1465185931107,"Pizza Express","CCW"
"4904586269960133",-39.97,1465229506097,"Morrisons","CCW"
"4590289553154174",-21.03,1465239051530,"Sports Direct","CCW"
"4590289553154174",-4.88,1465334385291,"MegaBus","CCW"
"58876425",-30.87,1465327750177,"Transfer from Current Account to Savings","SAW"
"9152783315",30.87,1465395776006,"Transfer from Current Account to Savings","SAW"
"9152783315",-0.01,1465480288497,"National Express","CAW"
"9152783315",2.29,1465439374634,"Denise Patterson","CAD"
"4590289553154174",-28.16,1465471976123,"Matalan","CCW"
"4590289553154174",-10.96,1465461597490,"Sports Direct","CCW"
"4590289553154174",-0.01,1465511654089,"Wonga","CCW"
"4590289553154174",-4.79,1465515965571,"Cancer Research","CCW"
"9152783315",3.28,1465575476770,"Interest","CAD"
"9152783315",21.58,1465740681239,"Brenda Ward","CAD"
"9152783315",-800,1465767743266,"Rent","D/D"
"9152783315",0.13,1465785216235,"Brenda Ward","CAD"
"82620766",0,1465803714332,"Transfer from Current Account to Savings","SAW"
"9152783315",0,1465783456008,"Transfer from Current Account to Savings","SAW"
"9152783315",-14.85,1465896959504,"Thames Water","D/D"
"9152783315",-22.91,1465935558682,"Sky Digital","D/D"
"9152783315",1.19,1465939553367,"Brenda Ward","CAD"
"9152783315",8.21,1466046546164,"Lori Alexander","CAD"
"4590289553154174",-9.01,1466077938745,"WWF","CCW"
"9152783315",3.76,1466160125427,"Nicole Bailey","CAD"
"9152783315",0.28,1466192604501,"Nicole Bailey","CAD"
"4590289553154174",-11.53,1466473341802,"MegaBus","CCW"
"4590289553154174",-6.7,1466647805526,"Cancer Research","CCW"
"9152783315",2000,1466948408930,"Salary BACS Payment","BAC"
"9152783315",-39.39,1466904443885,"Virgin Media","D/D"
"9152783315",-45.66,1466877884719,"Morrisons","CAW"
"9152783315",-29.67,1466891203999,"Lush","CAW"
"9152783315",-0.01,1466926543879,"Shelter","CAW"
"9152783315",-14.27,1467009922396,"Sports Direct","CAW"
"9152783315",-26.56,1467012650216,"Lush","CAW"
"9152783315",-3.84,1467005754168,"Lush","CAW"
"9152783315",-10.96,1467018719432,"RSPCA","CAW"
"9152783315",-66.19,1466982148098,"Payment received thank you","CCD"
"4904586269960133",66.19,1466979812636,"Payment received thank you","CCD"
"9152783315",-48.45,1467116700607,"NBS Personal Loan","D/D"
"9152783315",-0.01,1467096945214,"MegaBus","CAW"
"4904586269960133",-2.89,1467093283232,"Oxfam","CCW"
"9152783315",-44.48,1467162258963,"Paintball UK","CAW"
"9152783315",-26.17,1467191064088,"Sainsburys","CAW"
"9152783315",-31.23,1467164816336,"Matalan","CAW"
"9152783315",-3.52,1467154851218,"MegaBus","CAW"
"9152783315",-3.86,1467169486207,"WWF","CAW"
"9152783315",-30,1467196939242,"Sainsburys","CAW"
"9152783315",-15.53,1467174728587,"M5 GoKarting","CAW"
"4904586269960133",-10.93,1467179578763,"MegaBus","CCW"
"9152783315",-2.62,1467297312389,"Save the Children","CAW"
"9152783315",-9.81,1467215767659,"National Express","CAW"
"9152783315",1.54,1467271803946,"Nicole Bailey","CAD"
"9152783315",2.61,1467232535520,"Interest","CAD"
"9152783315",-7.63,1467217941180,"Cancer Research","CAW"
"9152783315",-11.73,1467242030345,"National Express","CAW"
"9152783315",-3.82,1467291403984,"WWF","CAW"
"9152783315",-9.9,1467249019213,"RSPCA","CAW"
"9152783315",-88.22,1467297944559,"Payment received thank you","CCD"
"4590289553154174",88.22,1467232340113,"Payment received thank you","CCD"
"4590289553154174",-35.32,1467241558611,"TicketMaster","CCW"
"9152783315",-43.9,1467342950217,"M5 GoKarting","CAW"
"9152783315",-11.84,1467321905847,"Hitachi Personal Finance","CAW"
"4904586269960133",-0.01,1467356792981,"WWF","CCW"
"4590289553154174",-7.32,1467310658611,"RSPCA","CCW"
"4590289553154174",-0.01,1467316484242,"Wonga","CCW"
"9152783315",-36.96,1467457609780,"Paintball UK","CAW"
"4590289553154174",-7.28,1467447723688,"WWF","CCW"
"4590289553154174",-4.42,1467417094063,"Primark","CCW"
"9152783315",2.64,1467560005278,"Denise Patterson","CAD"
"9152783315",-89.48,1467549391378,"Payment received thank you","CCD"
"4904586269960133",89.48,1467540972679,"Payment received thank you","CCD"
"4590289553154174",-11.8,1467550751283,"WWF","CCW"
"9152783315",-44.62,1467599505893,"TV Licence","D/D"
"9152783315",-8,1467563475412,"Cancer Research","CAW"
"9152783315",-8.97,1467653272114,"Barclaycard","CAW"
"9152783315",-25.72,1467673728106,"Payment received thank you","CCD"
"4904586269960133",25.72,1467673143526,"Payment received thank you","CCD"
"4590289553154174",-4.39,1467646564532,"Wonga","CCW"
"9152783315",-1.52,1467747960823,"Oxfam","CAW"
"9152783315",-7.85,1467733461947,"Supercuts","CAW"
"9152783315",-1.46,1467773584158,"Wonga","CAW"
"9152783315",-5.78,1467768176549,"WWF","CAW"
"4904586269960133",-41.16,1467809967513,"Paintball UK","CCW"
"4590289553154174",-11.83,1467804223428,"National Express","CCW"
"4904586269960133",-45.6,1467857707075,"TicketMaster","CCW"
"9152783315",-15.86,1467968089089,"Morrisons","CAW"
"9152783315",-13.06,1467960150013,"Sainsburys","CAW"
"9152783315",-12.22,1467929559448,"Payment received thank you","CCD"
"4904586269960133",12.22,1467977684820,"Payment received thank you","CCD"
"4904586269960133",-5.03,1467947244404,"Cancer Research","CCW"
"9152783315",-5.32,1468042144239,"Primark","CAW"
"9152783315",-27.21,1468014333725,"Matalan","CAW"
"9152783315",-4.25,1468008324807,"Payment received thank you","CCD"
"4590289553154174",4.25,1468038263523,"Payment received thank you","CCD"
"82620766",0,1468060451679,"Transfer from Current Account to Savings","SAW"
"9152783315",0,1468019626179,"Transfer from Current Account to Savings","SAW"
"9152783315",-32.09,1468164653583,"Pizza Express","CAW"
"9152783315",-26.96,1468150419741,"Sainsburys","CAW"
"9152783315",-11.05,1468137648458,"RSPCA","CAW"
"9152783315",-13.38,1468147586231,"Matalan","CAW"
"9152783315",-31.99,1468144848409,"Payment received thank you","CCD"
"4904586269960133",31.99,1468154828935,"Payment received thank you","CCD"
"9152783315",-22.41,1468121159554,"Payment received thank you","CCD"
"4590289553154174",22.41,1468096122142,"Payment received thank you","CCD"
"9152783315",-55.45,1468106786655,"Payment received thank you","CCD"
"4590289553154174",55.45,1468108852044,"Payment received thank you","CCD"
"4590289553154174",-5.88,1468111386588,"Wonga","CCW"
"9152783315",-0.19,1468183780570,"Cancer Research","CAW"
"9152783315",-10.46,1468240803237,"Arriva Wales","CAW"
"9152783315",2.91,1468203473175,"Lori Alexander","CAD"
"4904586269960133",-13.82,1468182750067,"Supercuts","CCW"
"4904586269960133",-2.08,1468317143659,"Oxfam","CCW"
"4590289553154174",-0.33,1468293824339,"Lush","CCW"
"9152783315",-0.1,1468320627516,"Payment received thank you","CCD"
"4590289553154174",0.1,1468308936724,"Payment received thank you","CCD"
"4590289553154174",-27.25,1468315115236,"Pizza Express","CCW"
"4590289553154174",-11.48,1468303516271,"Morrisons","CCW"
"4590289553154174",-15.35,1468290139130,"Primark","CCW"
"4590289553154174",-43.15,1468260274084,"TicketMaster","CCW"
"4590289553154174",-28.43,1468305359146,"M5 GoKarting","CCW"
"9152783315",-800,1468421521042,"Rent","D/D"
"9152783315",10.87,1468390688610,"Denise Patterson","CAD"
"9152783315",4.82,1468360632588,"Lori Alexander","CAD"
"4904586269960133",-31.64,1468339537962,"TicketMaster","CCW"
"9152783315",-14.85,1468471532036,"Thames Water","D/D"
"4904586269960133",-19.13,1468494108725,"Lush","CCW"
"4590289553154174",-22.29,1468503520353,"Matalan","CCW"
"9152783315",-22.91,1468578055838,"Sky Digital","D/D"
"9152783315",2.41,1468558306362,"Denise Patterson","CAD"
"4904586269960133",-2.48,1468606754041,"Matalan","CCW"
"4904586269960133",-32.56,1468777811067,"Bodyshop","CCW"
"4904586269960133",-6.74,1468868374156,"Save the Children","CCW"
"4904586269960133",-9.58,1468919099947,"Oxfam","CCW"
"4904586269960133",-20.87,1468866048320,"Superdrug","CCW"
"9152783315",5.13,1469103502310,"Alan Scott","CAD"
"9152783315",2000,1469503558385,"Salary BACS Payment","BAC"
"9152783315",-39.39,1469522199894,"Virgin Media","D/D"
"9152783315",-33.22,1469534164987,"M5 GoKarting","CAW"
"9152783315",-11.86,1469517051594,"Matalan","CAW"
"9152783315",-3.54,1469528327005,"Save the Children","CAW"
"4904586269960133",-31.78,1469522044121,"TicketMaster","CCW"
"9152783315",1.1,1469598777456,"Nicole Bailey","CAD"
"9152783315",-55.93,1469595646614,"M5 GoKarting","CAW"
"9152783315",-37.63,1469549068294,"TicketMaster","CAW"
"9152783315",-30.7,1469580404901,"Paintball UK","CAW"
"9152783315",-6.14,1469577368180,"RSPCA","CAW"
"9152783315",-48.45,1469676096620,"NBS Personal Loan","D/D"
"9152783315",-238.07,1469688180867,"Payment received thank you","CCD"
"4904586269960133",238.07,1469719765313,"Payment received thank you","CCD"
"4904586269960133",-30.32,1469700606449,"TicketMaster","CCW"
"4904586269960133",-0.01,1469696061824,"Oxfam","CCW"
"9152783315",-519.55,1469742737080,"Payment received thank you","CCD"
"4590289553154174",519.55,1469753624905,"Payment received thank you","CCD"
"9152783315",-6.73,1469878372980,"Shelter","CAW"
"9152783315",-5.69,1469828268927,"MegaBus","CAW"
"9152783315",-14.27,1469864268442,"Lush","CAW"
"4904586269960133",-8.07,1469860787556,"WWF","CCW"
"9152783315",-61.28,1469869827123,"Payment received thank you","CCD"
"4904586269960133",61.28,1469861039286,"Payment received thank you","CCD"
"4904586269960133",-4.79,1469831096428,"Save the Children","CCW"
"4904586269960133",-47.48,1469881603823,"Paintball UK","CCW"
"4590289553154174",-22.18,1469834845593,"Matalan","CCW"
"4590289553154174",-5.29,1469855672634,"National Express","CCW"
"9152783315",-23.38,1469946787020,"Superdrug","CAW"
"4904586269960133",-7.36,1469919474388,"Lush","CCW"
"9152783315",-15.41,1470043638445,"Sports Direct","CAW"
"9152783315",-77.02,1470064078021,"Payment received thank you","CCD"
"4904586269960133",77.02,1470037931045,"Payment received thank you","CCD"
"9152783315",-9.61,1470133589980,"Sainsburys","CAW"
"4904586269960133",-5.02,1470216705483,"Save the Children","CCW"
"9152783315",-44.62,1470317449653,"TV Licence","D/D"
"9152783315",5.61,1470261062909,"Brenda Ward","CAD"
"9152783315",-19.56,1470322556412,"Sainsburys","CAW"
"4904586269960133",-3.53,1470260937148,"Barclaycard","CCW"
"4590289553154174",-5.37,1470280346208,"National Express","CCW"
"9152783315",-11.01,1470382012635,"MegaBus","CAW"
"9152783315",0.16,1470378098291,"Interest","CAD"
"9152783315",-4.54,1470343847538,"Barclaycard","CAW"
"4904586269960133",-6.47,1470357450113,"WWF","CCW"
"4590289553154174",-8.33,1470397599091,"Shelter","CCW"
"4904586269960133",-12.01,1470543998287,"Lush","CCW"
"4904586269960133",-7.59,1470512034980,"WWF","CCW"
"4904586269960133",-6.08,1470660083384,"RSPCA","CCW"
"4904586269960133",-3.32,1470601425751,"Arriva Wales","CCW"
"4904586269960133",-41.8,1470696713879,"Pizza Express","CCW"
"4904586269960133",-3.05,1470885531698,"RSPCA","CCW"
"4904586269960133",-27.28,1470879914188,"Paintball UK","CCW"
"4590289553154174",-6.63,1470893378887,"Save the Children","CCW"
"9152783315",9.01,1470984230270,"Denise Patterson","CAD"
"9152783315",-4.59,1470971877097,"Arriva Wales","CAW"
"9152783315",-800,1471036358101,"Rent","D/D"
"9152783315",-14.85,1471179119677,"Thames Water","D/D"
"4590289553154174",-7.64,1471156052886,"National Express","CCW"
"9152783315",-22.91,1471273954785,"Sky Digital","D/D"
"9152783315",15.43,1471281514850,"Nicole Bailey","CAD"
"4904586269960133",-2.63,1471294565505,"Cancer Research","CCW"
"4590289553154174",-12.52,1471354000161,"Matalan","CCW"
"4590289553154174",-20.27,1471473482692,"Lush","CCW"
"9152783315",1.29,1471612486694,"Interest","CAD"
"4904586269960133",-15.15,1471681863301,"Sports Direct","CCW"
"4590289553154174",-15.03,1471632965106,"Lush","CCW"
"4590289553154174",-22.57,1471667892295,"Paintball UK","CCW"
"4590289553154174",-6.1,1471767799969,"Sainsburys","CCW"
"4904586269960133",-36.85,1471983686439,"Primark","CCW"
"4590289553154174",-33.48,1472074591604,"Paintball UK","CCW"
"9152783315",2000,1472191232690,"Salary BACS Payment","BAC"
"9152783315",-39.39,1472195007669,"Virgin Media","D/D"
"9152783315",-16.41,1472198531020,"Wonga","CAW"
"4590289553154174",-11.29,1472171614510,"American Express","CCW"
"9152783315",-11.35,1472176906748,"Payment received thank you","CCD"
"4590289553154174",11.35,1472162533627,"Payment received thank you","CCD"
"4590289553154174",-10.44,1472172517619,"Cancer Research","CCW"
"9152783315",-23.98,1472237988083,"Lush","CAW"
"9152783315",-48.45,1472394330548,"NBS Personal Loan","D/D"
"9152783315",-1.41,1472450919030,"Cancer Research","CAW"
"9152783315",-21.32,1472407595535,"M5 GoKarting","CAW"
"4590289553154174",-12.27,1472441998923,"Superdrug","CCW"
"9152783315",-58.39,1472442563113,"Payment received thank you","CCD"
"4590289553154174",58.39,1472412006112,"Payment received thank you","CCD"
"4590289553154174",-34.26,1472454606666,"TicketMaster","CCW"
"9152783315",-0.01,1472531485165,"MegaBus","CAW"
"9152783315",-6.73,1472493736514,"Superdrug","CAW"
"4590289553154174",-27.79,1472556407069,"TicketMaster","CCW"
"4590289553154174",-5.33,1472512184283,"WWF","CCW"
"9152783315",-1.09,1472619400044,"Arriva Wales","CAW"
"9152783315",-62.08,1472640893170,"M5 GoKarting","CAW"
"9152783315",-0.01,1472611578461,"Arriva Wales","CAW"
"9152783315",-9.85,1472606788912,"WWF","CAW"
"9152783315",-63.55,1472601946678,"Payment received thank you","CCD"
"4904586269960133",63.55,1472591591921,"Payment received thank you","CCD"
"4590289553154174",-3.46,1472621486567,"Bodyshop","CCW"
"4590289553154174",-7.62,1472609510878,"National Express","CCW"
"4590289553154174",-28,1472635361347,"Supercuts","CCW"
"4590289553154174",-0.83,1472634673998,"MegaBus","CCW"
"4590289553154174",-22.15,1472577983143,"Supercuts","CCW"
"9152783315",-2.67,1472769499040,"National Express","CAW"
"9152783315",1.48,1472782228160,"Brenda Ward","CAD"
"4904586269960133",-8.31,1472781652055,"American Express","CCW"
"4590289553154174",-8.71,1472758035896,"Superdrug","CCW"
"4904586269960133",-13.56,1472852422859,"Barclaycard","CCW"
"4590289553154174",-6.74,1472862405193,"WWF","CCW"
"4590289553154174",-2.4,1472855954968,"Superdrug","CCW"
"9152783315",-44.62,1472937586189,"TV Licence","D/D"
"4590289553154174",-13.37,1472938337720,"Cancer Research","CCW"
"4590289553154174",-5.93,1472955102616,"National Express","CCW"
"4590289553154174",-25.87,1472998984384,"Matalan","CCW"
"9152783315",-6.08,1473087335452,"Barclaycard","CAW"
"4904586269960133",-4.83,1473103852369,"WWF","CCW"
"9152783315",-17.92,1473182601668,"Sports Direct","CAW"
"9152783315",-21.22,1473240946531,"Sainsburys","CAW"
"4590289553154174",-9.11,1473251060175,"Arriva Wales","CCW"
"9152783315",-6.6,1473331836390,"MegaBus","CAW"
"9152783315",-23.97,1473409104661,"Sainsburys","CAW"
"9152783315",-2.38,1473364741776,"Shelter","CAW"
"9152783315",-31.65,1473430580950,"Morrisons","CAW"
"4590289553154174",-32.57,1473389321155,"Paintball UK","CCW"
"4590289553154174",-0.01,1473431002386,"Bodyshop","CCW"
"4590289553154174",-7.93,1473401949059,"Supercuts","CCW"
"9152783315",-22.19,1473481161764,"Pizza Express","CAW"
"9152783315",-20.97,1473464547184,"Pizza Express","CAW"
"4904586269960133",-33.05,1473471849481,"Morrisons","CCW"
"4590289553154174",-3.05,1473490992491,"Save the Children","CCW"
"9152783315",-118.8,1473576626863,"Payment received thank you","CCD"
"4904586269960133",118.8,1473581094293,"Payment received thank you","CCD"
"4904586269960133",-0.01,1473654437293,"American Express","CCW"
"9152783315",-800,1473775588759,"Rent","D/D"
"9152783315",-14.85,1473791879702,"Thames Water","D/D"
"9152783315",20.41,1473782215426,"Brenda Ward","CAD"
"9152783315",-22.91,1473910866665,"Sky Digital","D/D"
"4904586269960133",-7.91,1473875877425,"American Express","CCW"
"4590289553154174",-10.83,1473959200869,"Primark","CCW"
"4590289553154174",-0.01,1474205698392,"Hitachi Personal Finance","CCW"
"58876425",-5.44,1474155166587,"Transfer from Current Account to Savings","SAW"
"9152783315",5.44,1474131382776,"Transfer from Current Account to Savings","SAW"
"4590289553154174",-16.59,1474216690357,"Matalan","CCW"
"4904586269960133",-19.05,1474367854631,"Lush","CCW"
"4590289553154174",-9.03,1474325251799,"Matalan","CCW"
"9152783315",1.52,1474400164508,"Nicole Bailey","CAD"
"4904586269960133",-15.8,1474396390085,"Superdrug","CCW"
"4904586269960133",-0.01,1474538182175,"Barclaycard","CCW"
"4904586269960133",-15.36,1474628423872,"Pizza Express","CCW"
"9152783315",7.18,1474685527054,"Interest","CAD"
"4904586269960133",-19.91,1474650612913,"Lush","CCW"
"4904586269960133",-9.17,1474682588430,"Lush","CCW"
"9152783315",2000,1474834770141,"Salary BACS Payment","BAC"
"9152783315",-39.39,1474896211110,"Virgin Media","D/D"
"9152783315",-17.02,1474819595090,"Matalan","CAW"
"9152783315",-4.81,1474859336792,"Save the Children","CAW"
"4590289553154174",-2.36,1474885102275,"American Express","CCW"
"9152783315",-0.01,1474987342881,"Oxfam","CAW"
"9152783315",-2.37,1474954459381,"National Express","CAW"
"9152783315",-0.01,1474956658949,"Sports Direct","CAW"
"9152783315",-4.76,1474958571613,"RSPCA","CAW"
"9152783315",-34.64,1474966281713,"Paintball UK","CAW"
"9152783315",-49.9,1474943781016,"Sainsburys","CAW"
"9152783315",-0.01,1474945846618,"Cancer Research","CAW"
"9152783315",-48.45,1475067323914,"NBS Personal Loan","D/D"
"9152783315",-22.65,1475105550613,"Morrisons","CAW"
"9152783315",-19.2,1475079961446,"Paintball UK","CAW"
"9152783315",-4.04,1475161552800,"Bodyshop","CAW"
"9152783315",-2.5,1475162626451,"Bodyshop","CAW"
"9152783315",-6.38,1475136932926,"Cancer Research","CAW"
"9152783315",-47.75,1475159775837,"Payment received thank you","CCD"
"4904586269960133",47.75,1475135268294,"Payment received thank you","CCD"
"9152783315",-0.01,1475230500103,"MegaBus","CAW"
"9152783315",-6.71,1475183633944,"Oxfam","CAW"
"9152783315",-3.44,1475240521011,"Barclaycard","CAW"
"4904586269960133",-0.01,1475202593688,"MegaBus","CCW"
"9152783315",-17.85,1475319931509,"M5 GoKarting","CAW"
"9152783315",-12.9,1475318938437,"Shelter","CAW"
"9152783315",-8.88,1475273065255,"Shelter","CAW"
"9152783315",-10.41,1475306180119,"Primark","CAW"
"9152783315",-30.19,1475289263796,"Sainsburys","CAW"
"9152783315",-6.84,1475292150677,"MegaBus","CAW"
"9152783315",7.57,1475289562939,"Denise Patterson","CAD"
"9152783315",-7.61,1475267526139,"MegaBus","CAW"
"4904586269960133",-35.45,1475295618889,"TicketMaster","CCW"
"9152783315",-6.18,1475337757003,"Shelter","CAW"
"9152783315",3.4,1475381328090,"Interest","CAD"
"9152783315",-82.42,1475388491373,"Payment received thank you","CCD"
"4590289553154174",82.42,1475337157215,"Payment received thank you","CCD"
"9152783315",-9.75,1475426288821,"Sports Direct","CAW"
"9152783315",-10.45,1475490967592,"National Express","CAW"
"9152783315",-17.19,1475484122444,"American Express","CAW"
"9152783315",-6.83,1475476702269,"RSPCA","CAW"
"9152783315",-44.62,1475542453412,"TV Licence","D/D"
"9152783315",-4.72,1475573683802,"Save the Children","CAW"
"4904586269960133",-4.85,1475539869536,"MegaBus","CCW"
"9152783315",-35.42,1475660242882,"TicketMaster","CAW"
"4904586269960133",-4.42,1475598878732,"RSPCA","CCW"
"4590289553154174",-33.85,1475646885151,"Sainsburys","CCW"
"9152783315",-8.27,1475735851513,"American Express","CAW"
"9152783315",-27.06,1475700037864,"Payment received thank you","CCD"
"4590289553154174",27.06,1475751014898,"Payment received thank you","CCD"
"4590289553154174",-7.5,1475717164496,"Cancer Research","CCW"
"9152783315",-1.93,1475817447686,"Bodyshop","CAW"
"9152783315",-191.94,1475851473584,"Payment received thank you","CCD"
"4904586269960133",191.94,1475772711946,"Payment received thank you","CCD"
"9152783315",-25.62,1475807057656,"Payment received thank you","CCD"
"4590289553154174",25.62,1475840277755,"Payment received thank you","CCD"
"9152783315",-21.58,1475929638893,"Bodyshop","CAW"
"9152783315",-0.93,1475887792388,"Sports Direct","CAW"
"9152783315",-9.56,1475873032957,"Save the Children","CAW"
"9152783315",1.2,1475861237151,"Lori Alexander","CAD"
"9152783315",8.81,1475993482842,"Denise Patterson","CAD"
"9152783315",-13.02,1475973934872,"MegaBus","CAW"
"9152783315",-16.97,1475985603118,"Pizza Express","CAW"
"4904586269960133",-12.27,1475947785735,"Morrisons","CCW"
"4590289553154174",-18.21,1475998302750,"TicketMaster","CCW"
"9152783315",-17.12,1476030245623,"Lush","CAW"
"9152783315",-125.11,1476079890238,"Payment received thank you","CCD"
"4590289553154174",125.11,1476107615649,"Payment received thank you","CCD"
"9152783315",-10.63,1476115472910,"Shelter","CAW"
"4590289553154174",-31.3,1476143002675,"M5 GoKarting","CCW"
"4590289553154174",-7.69,1476180801474,"Arriva Wales","CCW"
"4904586269960133",-4.18,1476205940032,"Hitachi Personal Finance","CCW"
"4590289553154174",-8.6,1476206222249,"RSPCA","CCW"
"9152783315",-800,1476318990532,"Rent","D/D"
"9152783315",-14.85,1476450476575,"Thames Water","D/D"
"9152783315",0.97,1476418176310,"Alan Scott","CAD"
"4904586269960133",-20.62,1476376598195,"Bodyshop","CCW"
"9152783315",-22.91,1476459564202,"Sky Digital","D/D"
"4904586269960133",-16.06,1476469899151,"Primark","CCW"
"4904586269960133",-12.72,1476515503155,"M5 GoKarting","CCW"
"4590289553154174",-36.7,1476591812629,"Pizza Express","CCW"
"4590289553154174",-19.78,1476613359646,"Sports Direct","CCW"
"4590289553154174",-19.74,1476640048804,"Matalan","CCW"
"4590289553154174",-1.08,1476717349922,"National Express","CCW"
"4590289553154174",-31.37,1476768345858,"TicketMaster","CCW"
"4590289553154174",-3.69,1476976114915,"Cancer Research","CCW"
"4590289553154174",-25.58,1476969967557,"Supercuts","CCW"
"4590289553154174",-6.48,1477100547664,"Shelter","CCW"
"9152783315",2000,1477495554926,"Salary BACS Payment","BAC"
"9152783315",-39.39,1477431340844,"Virgin Media","D/D"
"9152783315",0.31,1477485161065,"Brenda Ward","CAD"
"9152783315",15.71,1477463263032,"Denise Patterson","CAD"
"9152783315",-2.58,1477416952443,"Oxfam","CAW"
"9152783315",-13.24,1477488053234,"Lush","CAW"
"9152783315",-19.28,1477529473456,"Morrisons","CAW"
"9152783315",-6.27,1477548472677,"Shelter","CAW"
"9152783315",-24.48,1477526609820,"Lush","CAW"
"9152783315",-173.33,1477519209480,"Payment received thank you","CCD"
"4904586269960133",173.33,1477500258464,"Payment received thank you","CCD"
"4904586269960133",-24.15,1477573750433,"Superdrug","CCW"
"9152783315",-48.45,1477662215603,"NBS Personal Loan","D/D"
"9152783315",-3.92,1477663533248,"Shelter","CAW"
"9152783315",-0.01,1477586186983,"Arriva Wales","CAW"
"9152783315",-0.01,1477612081945,"Cancer Research","CAW"
"4904586269960133",-1.17,1477655816003,"Cancer Research","CCW"
"9152783315",-32.9,1477669373358,"Sainsburys","CAW"
"4904586269960133",-25.05,1477714852616,"Morrisons","CCW"
"4904586269960133",-31.03,1477671675338,"Pizza Express","CCW"
"9152783315",-8.47,1477785893791,"Hitachi Personal Finance","CAW"
"9152783315",-3.4,1477766978224,"Shelter","CAW"
"9152783315",3.76,1477772284842,"Brenda Ward","CAD"
"9152783315",-5.79,1477781274214,"Arriva Wales","CAW"
"4904586269960133",-42.38,1477780108316,"Morrisons","CCW"
"9152783315",-27.31,1477909108279,"Sports Direct","CAW"
"9152783315",-8.62,1477969023721,"Save the Children","CAW"
"9152783315",-55.97,1477985352333,"Payment received thank you","CCD"
"4904586269960133",55.97,1477932741616,"Payment received thank you","CCD"
"9152783315",-7.98,1478038417079,"Hitachi Personal Finance","CAW"
"9152783315",-19.78,1478084266107,"Pizza Express","CAW"
"9152783315",-2.2,1478038189800,"Cancer Research","CAW"
"9152783315",-6.22,1478065331254,"Oxfam","CAW"
"9152783315",-72.5,1478035845467,"Payment received thank you","CCD"
"4904586269960133",72.5,1478051772592,"Payment received thank you","CCD"
"4904586269960133",-23.78,1478046040267,"Pizza Express","CCW"
"4904586269960133",-5.7,1478097992010,"Hitachi Personal Finance","CCW"
"9152783315",-1.57,1478115422161,"WWF","CAW"
"9152783315",-5.29,1478157033406,"Sports Direct","CAW"
"9152783315",-0.01,1478144065628,"Barclaycard","CAW"
"9152783315",-19.94,1478133410299,"M5 GoKarting","CAW"
"9152783315",-4.42,1478181398512,"Shelter","CAW"
"9152783315",-14.27,1478160791879,"Primark","CAW"
"9152783315",-152.73,1478143540332,"Payment received thank you","CCD"
"4590289553154174",152.73,1478112372111,"Payment received thank you","CCD"
"4590289553154174",-19.34,1478127757976,"Primark","CCW"
"9152783315",-44.62,1478192072094,"TV Licence","D/D"
"4904586269960133",-28.97,1478270078798,"Paintball UK","CCW"
"4904586269960133",-29.88,1478208263420,"Sainsburys","CCW"
"9152783315",-8.29,1478288156413,"Morrisons","CAW"
"9152783315",-6.18,1478314827003,"National Express","CAW"
"9152783315",-14.42,1478287959926,"Primark","CAW"
"9152783315",-23.95,1478345658028,"Paintball UK","CAW"
"9152783315",-99.27,1478287417057,"Payment received thank you","CCD"
"4904586269960133",99.27,1478290058835,"Payment received thank you","CCD"
"9152783315",-18.18,1478295541433,"Payment received thank you","CCD"
"4904586269960133",18.18,1478309585215,"Payment received thank you","CCD"
"9152783315",-31.59,1478507441601,"Sainsburys","CAW"
"4904586269960133",-8.06,1478476974542,"Oxfam","CCW"
"4590289553154174",-3.85,1478476957538,"Shelter","CCW"
"9152783315",-24.87,1478535376652,"TicketMaster","CAW"
"4904586269960133",-10.03,1478546734246,"Save the Children","CCW"
"4904586269960133",-6.98,1478546970148,"Sports Direct","CCW"
"9152783315",-26.79,1478690964295,"Morrisons","CAW"
"4904586269960133",-0.01,1478642514747,"RSPCA","CCW"
"4904586269960133",-31.03,1478652532828,"Morrisons","CCW"
"4590289553154174",-43.11,1478637394736,"Paintball UK","CCW"
"4590289553154174",-13.06,1478776329552,"Shelter","CCW"
"4590289553154174",-22.92,1478727789933,"Supercuts","CCW"
"4904586269960133",-1.2,1478816470857,"American Express","CCW"
"4904586269960133",-0.01,1478803729699,"MegaBus","CCW"
"9152783315",9.87,1478952190643,"Nicole Bailey","CAD"
"4590289553154174",-9.1,1478922786184,"Sports Direct","CCW"
"9152783315",-800,1479039384140,"Rent","D/D"
"4590289553154174",-16.38,1478973663451,"Primark","CCW"
"4590289553154174",-8.78,1478976607814,"MegaBus","CCW"
"4590289553154174",-26.98,1478990633496,"Bodyshop","CCW"
"9152783315",-14.85,1479098727159,"Thames Water","D/D"
"9152783315",11.2,1479104675396,"Brenda Ward","CAD"
"4904586269960133",-3.53,1479101229332,"Wonga","CCW"
"4904586269960133",-6.2,1479077811226,"Oxfam","CCW"
"4904586269960133",-19.16,1479116577649,"Paintball UK","CCW"
"9152783315",-22.91,1479221940129,"Sky Digital","D/D"
"9152783315",2.3,1479205890829,"Interest","CAD"
"4590289553154174",-25.84,1479210235601,"TicketMaster","CCW"
"4590289553154174",-26.47,1479198376813,"Paintball UK","CCW"
"9152783315",0.9,1479305986378,"Alan Scott","CAD"
"4590289553154174",-21.22,1479312257984,"Sainsburys","CCW"
"4904586269960133",-4.9,1479430502927,"Bodyshop","CCW"
"4904586269960133",-6.42,1479482912359,"Cancer Research","CCW"
"4590289553154174",-29.73,1479465118351,"Morrisons","CCW"